이슈키,이슈유형,부모이슈,상태,고객사,제목,이슈본문,댓글작성자,댓글내용,생성일,완료일,담당자
AS-1,에픽,없음,완료,미분류,사내 AX 자동화 - 1주차,,N/A,댓글 없음,2026-03-16T19:25:17.320+0900,2026-03-16,윤종웅
AS-2,에픽,없음,해야 할 일,미분류,사내 AX 자동화 - 2주차,,N/A,댓글 없음,2026-03-16T19:25:53.699+0900,,윤종웅
AS-3,에픽,없음,해야 할 일,미분류,사내 AX 자동화 - 3주차,,N/A,댓글 없음,2026-03-16T19:26:30.130+0900,,윤종웅
AS-4,스토리,AS-1,완료,미분류,임직원 업무리스트 취합,업무 사항 : 임직원 업무리스트 작성 및 취합.,N/A,댓글 없음,2026-03-16T19:27:27.826+0900,2026-03-16,윤종웅
AS-5,스토리,AS-1,완료,미분류,업무리스트 분류 정리,업무 사항 : 임직원 업무리스트 작성 및 취합.,N/A,댓글 없음,2026-03-16T19:27:41.775+0900,2026-03-16,윤종웅
AS-6,스토리,AS-2,진행 중,미분류,팀리더 업무리스트 취합,,N/A,댓글 없음,2026-03-16T19:28:19.769+0900,,윤종웅
AS-7,스토리,AS-2,진행 중,미분류,개발팀,개발팀_전체업무목록_최종통합본.xlsx,윤종웅,개발팀 업무 리스트 - 업로드 완료,2026-03-16T19:28:37.003+0900,,윤종웅
AS-8,스토리,AS-2,해야 할 일,미분류,경영전략실,,N/A,댓글 없음,2026-03-16T19:28:46.573+0900,,윤종웅
AS-9,스토리,AS-2,진행 중,미분류,세일즈팀,1차 리뷰 미팅 : https://humuson.atlassian.net/browse/AX-54?atlOrigin=eyJpIjoiY2RlZDkxMjk0NGMwNGI1ZjljOGRlNDMyMjRiYW…한윤영 프로 업무 프로세스김민재 프로 업무 프로세스,윤종웅,"260316 미팅 회의록세일즈 공통전화, 고객사 미팅 문서화(회의록, 문의사항 등을 문서화)김민재자동화 가능 항목:인바운드 고객사 조사 : 각 고객사의 개인정보처리방침에서 채널에 대한 사용 서비스를 확인 후 컨택을 진행. (예상되는 문제점 : 담당자 메일이나 연락처가 필요함)고객별 관련 히스토리 제공 : 고객사 파악 및 과거 이력을 직접 찾아서 제공해야하는 불편함을 간단하게 해결해야함.고객사 및 경쟁사 현황 분석 / 기타 트렌드 분석 : 이미 김민재 프로가 자동화하여 뉴스레터를 메일로 받아서 보고 있음자동화 불가능 항목:RFP에 대한 제안서 작성 : 경쟁사 상세 조사, 사내 제품 현황, 고객 요청사항 뿐 아니라, 사내 인력, 추가개발 가능여부 등 복합적으로 판단할 수 있어야함고객 콜드콜, 미팅 일정 조율 및 스케줄링 : 스팸 차단 가능성 높음. 일정은 상호 커뮤니케이션이 중요하여 직접하는 것이 더 효율적이고 안정적한윤영자동화 가능 항목:갱신 계약 3개월 남은 고객사 리마인드 연락단, 5~6개월 전 사전에 연락오는 고객사들이 있음. 해당 고객사들은 제외해야함.세금계산서 발행 중 정발행 고객사 케이스사내 Billing System에서 데이터 확인 후 위하고 데이터 형태로 변경(엑셀 시트) → 위하고에 업로드하여 한 번에 세금계산서 발행웹을 직접 열어 위하고에 접속하는 것은 가능할 것으로 예상되나, 파일 업로드가 가능할지 의문",2026-03-16T19:28:51.064+0900,,윤종웅
AS-10,스토리,AS-2,해야 할 일,미분류,제품팀,,N/A,댓글 없음,2026-03-16T19:29:03.133+0900,,윤종웅
AS-11,스토리,AS-2,해야 할 일,미분류,운영팀,,N/A,댓글 없음,2026-03-16T19:29:06.807+0900,,윤종웅
AS-12,스토리,AS-2,진행 중,미분류,타스온서비스팀,,N/A,댓글 없음,2026-03-16T19:29:11.445+0900,,윤종웅
AS-13,스토리,AS-2,진행 중,미분류,타스온개발팀,,N/A,댓글 없음,2026-03-16T19:29:15.173+0900,,윤종웅
AS-14,스토리,AS-2,해야 할 일,미분류,AX팀,,N/A,댓글 없음,2026-03-16T19:29:29.163+0900,,윤종웅
AS-21,하위 작업,AS-7,해야 할 일,미분류,SDK 고객사 문의사항 분석,카테고리: VOC 업무 설명: SDK 관련 문의 VOC 접수 시에 해당 내용 분석 실행빈도: 주 2회 소요시간: 1~2h 사용 프로그램: 문서 데이터 소스: 문의 메일 결과물 형태: 분석 내용 도출 자동화 여부: X 작성자: 이우석프로세스: SDK 관련 VOC 수신 확인 → 문의 내용 파악(오류 메시지·발생 환경·재현 방법) → 기존 유사 문의 이력 검색 → 분석 필요 항목 정리 → SDK 소스코드 분석 단계로 연결,N/A,댓글 없음,2026-03-16T20:09:27.750+0900,,이우석
AS-22,하위 작업,AS-7,해야 할 일,미분류,SDK 소스코드 분석 및 문제점 파악,카테고리: VOC 업무 설명: 분석된 내용 기반 문제점 확인 실행빈도: 월 1회 소요시간: 2h 사용 프로그램: 문서 데이터 소스: 문의 메일 결과물 형태: 분석 내용 도출 자동화 여부: X 작성자: 이우석프로세스: 문의 내용 기반 관련 SDK 소스파일 탐색 → 해당 기능 코드 확인 → 오류 재현 시도 → 문제가 되는 코드 위치 및 동작 파악 → 문제점 목록 정리 → 수정 단계로 연결,N/A,댓글 없음,2026-03-16T20:09:29.441+0900,,이우석
AS-23,하위 작업,AS-7,해야 할 일,미분류,Android SDK 버그 및 소스코드 수정,카테고리: VOC 업무 설명: 문제되는 Android SDK 코드 수정 실행빈도: 월 1회 소요시간: 4h 사용 프로그램: android studio 데이터 소스: Android SDK 소스코드 결과물 형태: aar 파일 자동화 여부: X 작성자: 이우석프로세스: Android SDK 문제점 확인 → 수정 브랜치 생성 → 코드 수정 → Android 에뮬레이터·실기기에서 동작 확인 → 코드 리뷰 → 수정본 확정 → 배포 준비,N/A,댓글 없음,2026-03-16T20:09:31.069+0900,,이우석
AS-24,하위 작업,AS-7,해야 할 일,미분류,iOS SDK 버그 및 소스코드 수정,카테고리: VOC 업무 설명: 문제되는 iOS SDK 코드 수정 실행빈도: 월 1회 소요시간: 4h 사용 프로그램: xcode 데이터 소스: iOS SDK 소스코드 결과물 형태: framework 파일 자동화 여부: X 작성자: 이우석프로세스: iOS SDK 문제점 확인 → 수정 브랜치 생성 → 코드 수정 → iOS 시뮬레이터·실기기에서 동작 확인 → 코드 리뷰 → 수정본 확정 → 배포 준비,N/A,댓글 없음,2026-03-16T20:09:33.016+0900,,이우석
AS-25,하위 작업,AS-7,해야 할 일,미분류,작업계획서 작성,카테고리: VOC 업무 설명: 고객사 요청사항 처리 전 작업계획서 작성 실행빈도: 건당 소요시간: 1h 사용 프로그램: 문서 데이터 소스: 고객사 요청사항 결과물 형태: 작업계획서 자동화 여부: X 작성자: 이우석,N/A,댓글 없음,2026-03-16T20:09:34.693+0900,,이우석
AS-26,하위 작업,AS-7,해야 할 일,미분류,단순 문의 회신,카테고리: VOC 업무 설명: 단순 문의에 대한 회신 처리 실행빈도: 주 2회 소요시간: 0.5h 사용 프로그램: 메일 데이터 소스: 문의 메일 결과물 형태: 회신 메일 자동화 여부: X 작성자: 이우석,N/A,댓글 없음,2026-03-16T20:09:36.669+0900,,이우석
AS-27,하위 작업,AS-7,해야 할 일,미분류,기술 지원 담당자 배정,카테고리: VOC 업무 설명: 기술 지원 요청 시 담당자 배정 실행빈도: 건당 소요시간: 0.5h 사용 프로그램: 문서 데이터 소스: 문의 접수 내용 결과물 형태: 담당자 배정 완료 자동화 여부: X 작성자: 이우석,N/A,댓글 없음,2026-03-16T20:09:38.300+0900,,이우석
AS-28,하위 작업,AS-7,해야 할 일,미분류,CS 스케줄 관리,카테고리: VOC 업무 설명: CS 일정 및 스케줄 관리 실행빈도: 주 1회 소요시간: 1h 사용 프로그램: 캘린더 데이터 소스: CS 요청 내역 결과물 형태: 스케줄 관리표 자동화 여부: X 작성자: 이우석,N/A,댓글 없음,2026-03-16T20:09:39.851+0900,,이우석
AS-29,하위 작업,AS-7,해야 할 일,미분류,고객사 원격 셋팅,카테고리: VOC 업무 설명: 고객사 원격 환경 셋팅 지원 실행빈도: 건당 소요시간: 2h 사용 프로그램: 원격 접속 툴 데이터 소스: 고객사 환경 정보 결과물 형태: 셋팅 완료 자동화 여부: X 작성자: 이우석,N/A,댓글 없음,2026-03-16T20:09:41.213+0900,,이우석
AS-30,하위 작업,AS-7,해야 할 일,미분류,고객 활성화 커뮤니케이션,카테고리: VOC 업무 설명: 고객 활성화를 위한 커뮤니케이션 진행 실행빈도: 월 1회 소요시간: 1h 사용 프로그램: 메일/전화 데이터 소스: 고객사 사용 현황 결과물 형태: 커뮤니케이션 이력 자동화 여부: X 작성자: 이우석,N/A,댓글 없음,2026-03-16T20:09:42.771+0900,,이우석
AS-31,하위 작업,AS-7,해야 할 일,미분류,제품 정기 교육 진행,카테고리: VOC 업무 설명: 제품 관련 정기 교육 진행 실행빈도: 분기 1회 소요시간: 2h 사용 프로그램: 화상회의/문서 데이터 소스: 교육 교안 결과물 형태: 교육 완료 자동화 여부: X 작성자: 이우석,N/A,댓글 없음,2026-03-16T20:09:44.199+0900,,이우석
AS-32,하위 작업,AS-7,해야 할 일,미분류,월간 CS 이력 정리,카테고리: VOC 업무 설명: 월간 CS 처리 이력 정리 실행빈도: 월 1회 소요시간: 1h 사용 프로그램: 엑셀/문서 데이터 소스: CS 이력 결과물 형태: CS 이력 정리 문서 자동화 여부: X 작성자: 이우석,N/A,댓글 없음,2026-03-16T20:09:45.874+0900,,이우석
AS-33,하위 작업,AS-7,해야 할 일,미분류,월간 CS 리포트 발송,카테고리: VOC 업무 설명: 월간 CS 리포트 발송 실행빈도: 월 1회 소요시간: 1h 사용 프로그램: 메일/문서 데이터 소스: CS 이력 결과물 형태: 월간 CS 리포트 자동화 여부: X 작성자: 이우석,N/A,댓글 없음,2026-03-16T20:09:47.274+0900,,이우석
AS-34,하위 작업,AS-7,해야 할 일,미분류,장애 원인 분석 및 보고서 작성,카테고리: VOC 업무 설명: 장애 원인 분석 및 보고서 작성 실행빈도: 건당 소요시간: 4h 사용 프로그램: 문서 데이터 소스: 로그/장애 이력 결과물 형태: 장애 분석 보고서 자동화 여부: X 작성자: 이우석,N/A,댓글 없음,2026-03-16T20:09:48.678+0900,,이우석
AS-35,하위 작업,AS-7,해야 할 일,미분류,서비스 상태 점검 보고,카테고리: VOC 업무 설명: 서비스 상태 점검 및 보고 실행빈도: 주 1회 소요시간: 1h 사용 프로그램: 모니터링 툴 데이터 소스: 서비스 로그 결과물 형태: 점검 보고서 자동화 여부: X 작성자: 이우석,N/A,댓글 없음,2026-03-16T20:09:50.298+0900,,이우석
AS-36,하위 작업,AS-7,해야 할 일,미분류,CS 및 문의 이력 조회,카테고리: VOC 업무 설명: CS 및 문의 이력 조회 실행빈도: 수시 소요시간: 0.5h 사용 프로그램: CRM/문서 데이터 소스: CS 이력 DB 결과물 형태: 이력 조회 결과 자동화 여부: X 작성자: 이우석,N/A,댓글 없음,2026-03-16T20:09:52.267+0900,,이우석
AS-37,하위 작업,AS-7,해야 할 일,미분류,고객사 CS 접수 및 등록,카테고리: VOC 업무 설명: 고객사 CS 접수 및 등록 실행빈도: 건당 소요시간: 0.5h 사용 프로그램: CRM 데이터 소스: 고객사 문의 결과물 형태: CS 등록 완료 자동화 여부: X 작성자: 이우석,N/A,댓글 없음,2026-03-16T20:09:53.697+0900,,이우석
AS-38,하위 작업,AS-7,해야 할 일,미분류,문의 유형 분류 및 필터링,카테고리: VOC 업무 설명: 문의 유형 분류 및 필터링 실행빈도: 수시 소요시간: 0.5h 사용 프로그램: CRM/엑셀 데이터 소스: CS 이력 결과물 형태: 분류 결과 자동화 여부: X 작성자: 이우석,N/A,댓글 없음,2026-03-16T20:09:55.012+0900,,이우석
AS-39,하위 작업,AS-7,해야 할 일,미분류,고객 환경 정보 확인,카테고리: VOC 업무 설명: 고객 환경 정보 확인 실행빈도: 건당 소요시간: 0.5h 사용 프로그램: 원격 접속/문서 데이터 소스: 고객사 환경 정보 결과물 형태: 환경 정보 확인 결과 자동화 여부: X 작성자: 이우석,N/A,댓글 없음,2026-03-16T20:09:56.356+0900,,이우석
AS-40,하위 작업,AS-7,해야 할 일,미분류,로그 요청 메일 작성,카테고리: VOC 업무 설명: 로그 요청 메일 작성 실행빈도: 건당 소요시간: 0.5h 사용 프로그램: 메일 데이터 소스: 장애 내역 결과물 형태: 로그 요청 메일 자동화 여부: X 작성자: 이우석,N/A,댓글 없음,2026-03-16T20:09:58.045+0900,,이우석
AS-41,하위 작업,AS-7,해야 할 일,미분류,로그 파일 수신 및 확인,카테고리: VOC 업무 설명: 로그 파일 수신 및 확인 실행빈도: 건당 소요시간: 1h 사용 프로그램: 텍스트 에디터/로그 뷰어 데이터 소스: 로그 파일 결과물 형태: 로그 분석 결과 자동화 여부: X 작성자: 이우석,N/A,댓글 없음,2026-03-16T20:09:59.678+0900,,이우석
AS-42,하위 작업,AS-7,해야 할 일,미분류,발송 이력 데이터 분석,카테고리: VOC 업무 설명: 발송 이력 데이터 분석 실행빈도: 건당 소요시간: 2h 사용 프로그램: 엑셀/DB 데이터 소스: 발송 이력 DB 결과물 형태: 분석 결과 자동화 여부: X 작성자: 이우석,N/A,댓글 없음,2026-03-16T20:10:01.445+0900,,이우석
AS-43,하위 작업,AS-7,해야 할 일,미분류,원인 후보 도출,카테고리: VOC 업무 설명: 원인 후보 도출 실행빈도: 건당 소요시간: 1h 사용 프로그램: 문서 데이터 소스: 로그/이력 분석 결과 결과물 형태: 원인 후보 목록 자동화 여부: X 작성자: 이우석,N/A,댓글 없음,2026-03-16T20:10:02.930+0900,,이우석
AS-44,하위 작업,AS-7,해야 할 일,미분류,해결방안,카테고리: VOC 업무 설명: 해결방안 도출 실행빈도: 건당 소요시간: 1h 사용 프로그램: 문서 데이터 소스: 원인 분석 결과 결과물 형태: 해결방안 문서 자동화 여부: X 작성자: 이우석,N/A,댓글 없음,2026-03-16T20:10:04.503+0900,,이우석
AS-45,하위 작업,AS-7,해야 할 일,미분류,유사 장애 사례 검색,카테고리: VOC 업무 설명: 유사 장애 사례 검색 실행빈도: 건당 소요시간: 1h 사용 프로그램: 문서/이슈 트래커 데이터 소스: 장애 이력 결과물 형태: 유사 사례 목록 자동화 여부: X 작성자: 이우석,N/A,댓글 없음,2026-03-16T20:10:06.091+0900,,이우석
AS-46,하위 작업,AS-7,해야 할 일,미분류,레거시 코드 흐름 분석,카테고리: VOC 업무 설명: 발송 로직 및 처리 흐름 분석 실행빈도: 수시 소요시간: 3시간 사용 프로그램: IntelliJ 데이터 소스: 소스 코드 결과물 형태: 코드 흐름 분석 결과 자동화 여부: X 작성자: 류한경프로세스: 관련 소스 코드 파일 확인 → 발송 요청 진입점부터 전송 완료까지 코드 흐름 추적 → 주요 분기·예외 처리 로직 파악 → 커스텀 로직 존재 여부 확인 → 흐름 정리 후 원인 후보와 연결,N/A,댓글 없음,2026-03-16T20:10:07.595+0900,,류한경
AS-47,하위 작업,AS-7,해야 할 일,미분류,점검 결과 보고서,"카테고리: VOC 업무 설명: 현장 데이터를 반영한 정식 점검 결과서 실행빈도: 고객사 방문 시 1회 소요시간: 1~2시간 내외 사용 프로그램: Excel 데이터 소스: 서버 로그, 점검 체크 결과물 형태: 정기점검 보고서 (PDF) 자동화 여부: X 작성자: 이경환프로세스: 현장 점검 데이터 취합 → 항목별 정상/이상 결과 정리 → 추이 데이터 포함 → 보고서 양식에 기입 → 내부 검토 → 고객사 담당자에게 공식 제출",N/A,댓글 없음,2026-03-16T20:10:10.631+0900,,이경환
AS-48,하위 작업,AS-7,해야 할 일,미분류,고객사 방문 전 점검,"카테고리: VOC 업무 설명: 방문 시 확인해야 할 체크리스트 생성 실행빈도: 고객사 방문 전 1회 소요시간: 30분 내외 사용 프로그램: Excel 데이터 소스: 점검 매뉴얼, 이슈 이력 결과물 형태: 방문 점검표 (Excel) 자동화 여부: X 작성자: 이경환프로세스: 방문 목적 및 점검 항목 사전 확인 → 체크리스트 양식에 점검 항목 구성 → 필요 도구·계정 정보 준비 → 방문 당일 체크리스트 기반 점검 수행 → 이상 항목 기록 → 방문 결과 보고",N/A,댓글 없음,2026-03-16T20:10:12.113+0900,,이경환
AS-49,하위 작업,AS-7,해야 할 일,미분류,외부 연동 코드 분석,"카테고리: 분석 업무 설명: SMTP, FCM, 카카오 API 연동 코드 분석 실행빈도: 수시 소요시간: 4시간 사용 프로그램: IntelliJ, 문서 데이터 소스: 연동 코드 결과물 형태: 연동 로직 분석 자동화 여부: X 작성자: 류한경프로세스: 외부 연동 설정(SMTP 서버 주소·FCM API Key·카카오 API 정보) 확인 → 연동 코드의 요청 구성·인증·응답 처리 로직 분석 → 연동 실패 시 예외 처리 방식 확인 → 이상 지점 식별 → 수정 방향 도출",N/A,댓글 없음,2026-03-16T20:10:13.577+0900,,류한경
AS-50,하위 작업,AS-7,해야 할 일,미분류,커스텀 사항 코드 분석,"카테고리: 분석 업무 설명: 커스터마이징된 기능 및 코드 동작 분석 실행빈도: 수시 소요시간: 4시간 사용 프로그램: IntelliJ, 문서 데이터 소스: 연동 코드 결과물 형태: 연동 로직 분석 자동화 여부: X 작성자: 류한경프로세스: 고객사별 커스터마이징 이력 확인 → 해당 고객사에 적용된 커스텀 코드 파일 탐색 → 표준 코드와의 차이점 파악 → 커스텀 로직이 현재 이슈와 연관성 있는지 검토 → 수정 필요 여부 판단",N/A,댓글 없음,2026-03-16T20:10:15.069+0900,,류한경
AS-51,하위 작업,AS-7,해야 할 일,미분류,수정 영향도 분석,"카테고리: 분석 업무 설명: 코드 수정 및 기능 변경 시 영향 받을 모듈, 타 기능, 타 고객, DB 정합성 등 영향 범위 전반 분석 실행빈도: 수시 소요시간: 3시간 사용 프로그램: IntelliJ, 문서 데이터 소스: 코드 분석 결과 결과물 형태: 영향도 분석 자동화 여부: X 작성자: 류한경, 신지원, 장재인프로세스: 수정 대상 코드·기능 범위 확정 → 동일 모듈을 사용하는 타 기능 목록 확인 → 타 고객사 적용 여부 검토 → DB 스키마 변경 영향 여부 확인 → 영향 범위 매트릭스 작성 → 검토 결과 팀 공유",N/A,댓글 없음,2026-03-16T20:10:16.613+0900,,"류한경, 신지원, 장재인"
AS-52,하위 작업,AS-7,해야 할 일,미분류,요구사항 인터뷰,"카테고리: 분석 업무 설명: 요구사항 제출자 인터뷰 및 추가 요구사항 확인 실행빈도: 프로젝트 발생시 소요시간: 1시간 사용 프로그램: 회의, 메일 데이터 소스: 요구사항 문서 결과물 형태: 인터뷰 결과 자동화 여부: X 작성자: 류한경프로세스: 요구사항 제출자·업무 담당자 인터뷰 일정 조율 → 사전 질문 목록 준비 → 인터뷰 진행(기능 의도·예외 케이스·우선순위 확인) → 인터뷰 내용 기록 → 추가 확인 사항 정리 → 후속 인터뷰 또는 이메일 확인",N/A,댓글 없음,2026-03-16T20:10:18.257+0900,,류한경
AS-53,하위 작업,AS-7,해야 할 일,미분류,요구사항 상세화,"카테고리: 분석 업무 설명: 모호한 요구사항을 구체화하고 기술적 문장으로 정제, 예외 케이스 및 상세 시나리오 정의 실행빈도: 프로젝트 발생시 소요시간: 8시간 사용 프로그램: 문서도구 데이터 소스: 인터뷰 내용 결과물 형태: 상세 요구사항 자동화 여부: X 작성자: 류한경, 신지원",N/A,댓글 없음,2026-03-16T20:10:19.723+0900,,"류한경, 신지원"
AS-54,하위 작업,AS-7,해야 할 일,미분류,시스템 영향도 분석,"카테고리: 분석 업무 설명: 기존 시스템 구조와 영향 범위 분석 실행빈도: 프로젝트 발생시 소요시간: 6시간 사용 프로그램: 문서, 소스코드 데이터 소스: 시스템 구조도 결과물 형태: 영향도 분석 자동화 여부: X 작성자: 류한경",N/A,댓글 없음,2026-03-16T20:10:21.217+0900,,류한경
AS-55,하위 작업,AS-7,해야 할 일,미분류,Android 신규 OS 정책 조사 ,카테고리: 분석 업무 설명: Android 신규 OS 정책 조사 실행빈도: 월 1회 소요시간: 4h 사용 프로그램: 검색엔진 데이터 소스: Android 개발자 가이드 결과물 형태: SDK 관련 영향도 정책 자동화 여부: X 작성자: 이우석프로세스: Android 신규 OS 릴리즈 노트 및 개발자 문서 확인 → 변경된 API·권한 정책·보안 정책 항목 파악 → SDK 영향 항목 목록 정리 → 대응 필요 우선순위 결정 → 팀 공유,N/A,댓글 없음,2026-03-16T20:10:22.629+0900,,이우석
AS-56,하위 작업,AS-7,해야 할 일,미분류,iOS 신규 OS 정책 조사,카테고리: 분석 업무 설명: iOS 신규 OS 정책 조사 실행빈도: 월 1회 소요시간: 4h 사용 프로그램: 검색엔진 데이터 소스: apple 개발자 가이드 결과물 형태: SDK 관련 영향도 정책 자동화 여부: X 작성자: 이우석프로세스: iOS 신규 OS 릴리즈 노트 및 개발자 문서 확인 → 변경된 API·권한 정책·개인정보 정책 항목 파악 → SDK 영향 항목 목록 정리 → 대응 필요 우선순위 결정 → 팀 공유,N/A,댓글 없음,2026-03-16T20:10:24.333+0900,,이우석
AS-57,하위 작업,AS-7,해야 할 일,미분류,경쟁사 분석,카테고리: 분석 업무 설명: 푸시 경쟁사 정책 및 가이드 확인 실행빈도: 분기별 1회 소요시간: 2h 사용 프로그램: 검색엔진 데이터 소스: 경쟁사 홈페이지 결과물 형태: 제품 특징 정리 자동화 여부: X 작성자: 이우석프로세스: 주요 경쟁사 푸시 SDK 공식 문서·릴리즈 노트 확인 → 신규 기능·정책 변경 항목 파악 → 자사 SDK와 비교 분석 → 개선 필요 항목 도출 → 분석 결과 팀 공유,N/A,댓글 없음,2026-03-16T20:10:25.839+0900,,이우석
AS-58,하위 작업,AS-7,해야 할 일,미분류,고객사 history 분석,"카테고리: 분석 업무 설명: 각 고객사 별 SDK 커스텀 사항 확인 실행빈도: 월 1회 소요시간: 4h 사용 프로그램: 문서 데이터 소스: confluence, jira, 인수인계 문서 결과물 형태: 고객사별 history 정리 자동화 여부: 진행 중 작성자: 이우석프로세스: 고객사별 SDK 계약·커스텀 이력 문서 확인 → 적용된 커스텀 항목 목록 정리 → 각 항목별 커스텀 내용 파악 → 현재 이슈 또는 신규 개발과의 연관성 검토 → 정리 결과 팀 공유",N/A,댓글 없음,2026-03-16T20:10:27.552+0900,,이우석
AS-59,하위 작업,AS-7,해야 할 일,미분류,고객사 개발 요청사항 분석,"카테고리: 분석 업무 설명: 고객사 별 SDK 커스텀 개발 요청사항 분석 실행빈도: 분기별 1회 소요시간: 4h 사용 프로그램: android studio, xcode, 문서 데이터 소스: 고객사 요청사항 결과물 형태: 개발 검토결과 자동화 여부: X 작성자: 이우석프로세스: 고객사 개발 요청사항 접수 확인 → 요청 내용 파악 → 기술적 실현 가능성 검토 → 커스텀 범위 및 공수 산정 → 고객사에 검토 결과 공유 → 승인 후 개발 착수",N/A,댓글 없음,2026-03-16T20:10:29.355+0900,,이우석
AS-60,하위 작업,AS-7,해야 할 일,미분류,이메일 인증 정책 검토,"카테고리: 분석 업무 설명: SPF, DKIM, DMARC 적용 여부 검토 실행빈도: 월 4~6회 소요시간: 30분 사용 프로그램: DNS조회툴, 문서도구 데이터 소스: DNS 설정 정보 결과물 형태: 검토 결과 자동화 여부: X 작성자: 신지원프로세스: 고객사 이메일 도메인 확인 → DNS 조회 도구(nslookup/dig)로 SPF·DKIM·DMARC 레코드 조회 → 각 레코드 설정값 확인 → 미설정 또는 오설정 항목 식별 → 검토 결과 정리 → 고객사에 수정 가이드 전달",N/A,댓글 없음,2026-03-16T20:10:31.006+0900,,신지원
AS-61,하위 작업,AS-7,해야 할 일,미분류,수정 코드 설계,"카테고리: 설계 업무 설명: 문제 해결을 위한 수정 방향 및 설계 정리 실행빈도: 수시 소요시간: 4시간 사용 프로그램: IntelliJ, 문서 데이터 소스: 분석 결과 결과물 형태: 수정 설계 자동화 여부: X 작성자: 류한경프로세스: 원인 확정 내용 바탕으로 수정 방향 결정 → 설정 변경·코드 수정·DB 수정 등 방법 선택 → 수정 시나리오 및 예상 결과 기술 → 롤백 방안 포함 설계 문서 작성 → 팀 리뷰 후 개발 단계로 전달",N/A,댓글 없음,2026-03-16T20:10:32.886+0900,,류한경
AS-62,하위 작업,AS-7,해야 할 일,미분류,아키텍처/네트워크 설계,카테고리: 설계 업무 설명: 고객 인프라 기반 Public/Private 망 및 보안 구역 설계 실행빈도: 도입/고도화 시 소요시간: 8~16시간 사용 프로그램: draw.io 데이터 소스: 고객사 서버/망 정보 결과물 형태: 시스템 구성도 자동화 여부: X 작성자: 장재인,N/A,댓글 없음,2026-03-16T20:10:34.557+0900,,장재인
AS-63,하위 작업,AS-7,해야 할 일,미분류,DB 설계,카테고리: 설계 업무 설명: 기능 구현을 위한 DB 테이블 설계 실행빈도: 프로젝트 발생시 소요시간: 4시간 사용 프로그램: DB Tool 데이터 소스: 요구사항 결과물 형태: DB 설계서 자동화 여부: X 작성자: 류한경프로세스: 요구사항 및 기능 설계 내용 확인 → 필요 테이블 목록 도출 → 각 테이블 컬럼·데이터 타입·인덱스·제약조건 정의 → 테이블 간 관계 설계 → 논리/물리 모델 문서 작성 → 팀 검토 후 확정,N/A,댓글 없음,2026-03-16T20:10:36.231+0900,,류한경
AS-64,하위 작업,AS-7,해야 할 일,미분류,DB 마이그레이션 설계,"카테고리: 설계 업무 설명: 운영 데이터 보존을 위한 DDL/DML 및 이관 시나리오 수립 실행빈도: DB 변경 시 소요시간: 8시간 사용 프로그램: DB Client, SQL 데이터 소스: 운영 DB 스키마 결과물 형태: SQL 스크립트 자동화 여부: X 작성자: 장재인",N/A,댓글 없음,2026-03-16T20:10:37.895+0900,,장재인
AS-65,하위 작업,AS-7,해야 할 일,미분류,기능 설계,카테고리: 설계 업무 설명: 요구사항 기반 기능 구조 설계 실행빈도: 월 1~2회 소요시간: 2~3시간 사용 프로그램: 설계도구 데이터 소스: 요구사항 문서 결과물 형태: 기능 설계 문서 자동화 여부: X 작성자: 신지원,N/A,댓글 없음,2026-03-16T20:10:39.183+0900,,신지원
AS-66,하위 작업,AS-7,해야 할 일,미분류,API 및 인터페이스 설계,"카테고리: 설계 업무 설명: 시스템 연동 API 및 외부 인터페이스 규격 설계, 엔드포인트 정의, 장애 시 재시도·폴백 로직 설계 실행빈도: 프로젝트 발생시 소요시간: 4시간 사용 프로그램: 문서도구 데이터 소스: 요구사항 문서 결과물 형태: API 설계서 자동화 여부: X 작성자: 류한경, 신지원, 장재인",N/A,댓글 없음,2026-03-16T20:10:40.678+0900,,"류한경, 신지원, 장재인"
AS-67,하위 작업,AS-7,해야 할 일,미분류,메시지 처리 흐름 설계,카테고리: 설계 업무 설명: 메시지 발송 처리 흐름 설계 실행빈도: 프로젝트 발생시 소요시간: 6시간 사용 프로그램: 문서도구 데이터 소스: 요구사항 문서 결과물 형태: 처리 흐름도 자동화 여부: X 작성자: 류한경프로세스: 발송 요청 진입점부터 최종 전송까지 단계 정의 → 채널별 분기 로직 설계 → 큐 투입·소비 흐름 설계 → 재시도·실패 처리 흐름 포함 → 흐름도 작성 → 팀 검토 후 확정,N/A,댓글 없음,2026-03-16T20:10:42.087+0900,,류한경
AS-68,하위 작업,AS-7,해야 할 일,미분류,기능 개발,"카테고리: 구현 업무 설명: 요구사항 및 설계 기반 신규 기능 개발 (API, 배치, 화면 등) 실행빈도: 프로젝트 발생시 소요시간: 16시간 사용 프로그램: IntelliJ, Git 데이터 소스: 소스 코드 결과물 형태: 개발 코드 자동화 여부: X 작성자: 류한경, 윤주명",N/A,댓글 없음,2026-03-16T20:10:43.753+0900,,"류한경, 윤주명"
AS-69,하위 작업,AS-7,해야 할 일,미분류,SDK 신규기능 개발,카테고리: 구현 업무 설명: SDK 신규기능 개발 실행빈도: 분기별 1회 소요시간: 4h 사용 프로그램: android studio / xcode 데이터 소스: SDK 소스코드 결과물 형태: aar 파일 / APK 파일 자동화 여부: X 작성자: 이우석프로세스: SDK 신규 기능 요구사항 확인 → 기능 설계 → 개발 브랜치 생성 → 코드 구현 → 에뮬레이터·실기기 테스트 → 코드 리뷰 → 배포 준비,N/A,댓글 없음,2026-03-16T20:10:45.393+0900,,이우석
AS-70,하위 작업,AS-7,해야 할 일,미분류,Mobile OS 정책 관련 SDK 대응 개발,카테고리: 구현 업무 설명: 신규 Mobile OS 영향도 파악 및 SDK 수정 실행빈도: 분기별 1회 소요시간: 4h 사용 프로그램: android studio / xcode 데이터 소스: SDK 소스코드 결과물 형태: aar 파일 / APK 파일 자동화 여부: X 작성자: 이우석프로세스: 신규 Mobile OS 정책 조사 결과 확인 → SDK 영향 항목 특정 → 수정 범위 결정 → 수정 브랜치 생성 → 코드 수정 → 실기기·에뮬레이터 테스트 → 리뷰 및 배포 준비,N/A,댓글 없음,2026-03-16T20:10:46.911+0900,,이우석
AS-71,하위 작업,AS-7,해야 할 일,미분류,Mobile 샘플 앱 개발,카테고리: 구현  업무 설명: SDK를 적용한 Mobile 샘플 앱 개발 실행빈도: 분기별 1회 소요시간: 24h 사용 프로그램: android studio / xcode 데이터 소스: 개발 요청사항 결과물 형태: aar 파일 / APK 파일 자동화 여부: X 작성자: 이우석프로세스: SDK 적용 시나리오 정의 → 샘플 앱 프로젝트 생성 → SDK 연동 코드 작성 → 주요 기능 동작 확인 → 코드 정리 및 주석 작성 → 고객사 배포용 샘플 앱 패키징,N/A,댓글 없음,2026-03-16T20:10:48.491+0900,,이우석
AS-72,하위 작업,AS-7,해야 할 일,미분류,연동 로직 개발,"카테고리: 구현  업무 설명: 외부 시스템 연동 로직 구현 실행빈도: 월 2~3회 소요시간: 6시간 사용 프로그램: IntelliJ, Git 데이터 소스: 인터페이스 설계 결과물 형태: 연동 코드 자동화 여부: X 작성자: 신지원프로세스: 연동 대상 외부 시스템 API 명세 확인 → 인증 방식 파악 → 연동 코드 구현(요청 구성·응답 파싱·예외 처리) → 로컬 연동 테스트 수행 → 오류 수정 → 개발 서버에서 연동 확인",N/A,댓글 없음,2026-03-16T20:10:50.067+0900,,신지원
AS-73,하위 작업,AS-7,해야 할 일,미분류,기존 기능 수정 및 개선,"카테고리: 구현  업무 설명: 운영 중 불편사항, 성능 이슈, 정책 변경에 따른 기존 기능 수정 및 리팩토링 실행빈도: 수시 소요시간: 6시간 사용 프로그램: IDE, Git 데이터 소스: 이슈 티켓, 기존 소스코드 결과물 형태: 변경 내역서 자동화 여부: X 작성자: 윤주명프로세스: 수정·개선 요청 내용 확인 → 현재 코드 분석 및 원인 파악 → 수정 범위 결정 → 개발 브랜치 생성 후 코드 수정·리팩토링 → 단위 테스트 수행 → 코드 리뷰 → 개발 서버 배포 및 확인",N/A,댓글 없음,2026-03-16T20:10:51.687+0900,,윤주명
AS-74,하위 작업,AS-7,해야 할 일,미분류,DB 쿼리 작성 및 최적화,"카테고리: 구현  업무 설명: 신규 기능에 필요한 SQL 작성 및 기존 쿼리 성능 분석·튜닝 실행빈도: 프로젝트 발생시 소요시간: 3시간 사용 프로그램: SQL Developer, DBeaver, Oracle 데이터 소스: 테이블 설계서, 실행 계획 결과물 형태: 튜닝 결과서 자동화 여부: X 작성자: 윤주명프로세스: 신규 기능 요구사항 확인 → 필요 데이터 및 테이블 파악 → SQL 작성 → 로컬 또는 개발 DB에서 실행 테스트 → 실행 계획(EXPLAIN) 분석 → 인덱스 활용·조인 방식 최적화 → 최종 쿼리 확정",N/A,댓글 없음,2026-03-16T20:10:53.221+0900,,윤주명
AS-75,하위 작업,AS-7,해야 할 일,미분류,수동 기능 테스트 준비,카테고리: 테스트  업무 설명: 테스트를 위해 테스트 데이터 및 발송 조건 준비 실행빈도: 수시 소요시간: 40분 사용 프로그램: 솔루션 시스템 데이터 소스: DB 데이터 결과물 형태: 테스트 데이터 자동화 여부: X 작성자: 류한경프로세스: 테스트 시나리오 확인 → 필요 테스트 데이터 목록 작성 → DB에 테스트 데이터 삽입 또는 스크립트 실행 → 발송 조건(수신자·채널·템플릿) 설정 → 테스트 환경 구성 완료 확인 → 테스트 실행 단계로 전달,N/A,댓글 없음,2026-03-16T20:10:54.959+0900,,류한경
AS-76,하위 작업,AS-7,해야 할 일,미분류,이메일 발송 수동 테스트,카테고리: 테스트  업무 설명: 이메일 발송 트리거 실행 후 기능 정상 동작 여부 확인 실행빈도: 수시 소요시간: 1시간 사용 프로그램: 솔루션 시스템 데이터 소스: 테스트 발송 데이터 결과물 형태: 발송 결과 자동화 여부: X 작성자: 류한경프로세스: 테스트 이메일 수신자 계정 준비 → 이메일 발송 API 또는 TMS 콘솔에서 발송 트리거 실행 → 발송 요청 응답 코드 확인 → 수신 계정에서 메일 도착 여부 확인 → 발송 로그 확인 → 결과 기록,N/A,댓글 없음,2026-03-16T20:10:56.882+0900,,류한경
AS-77,하위 작업,AS-7,해야 할 일,미분류,알림톡 발송 수동 테스트,카테고리: 테스트  업무 설명: 알림톡 발송 기능 테스트 수행 실행빈도: 수시 소요시간: 1시간 사용 프로그램: 솔루션 시스템 데이터 소스: 테스트 발송 데이터 결과물 형태: 발송 결과 자동화 여부: X 작성자: 류한경프로세스: 테스트 알림톡 수신 계정 준비 → TMS 콘솔 또는 API로 알림톡 발송 실행 → 카카오 API 응답 코드 확인 → 수신 단말에서 알림톡 수신 여부 확인 → 발송 로그 확인 → 결과 기록,N/A,댓글 없음,2026-03-16T20:10:58.472+0900,,류한경
AS-78,하위 작업,AS-7,해야 할 일,미분류,푸시/문자 발송 수동 테스트,"카테고리: 테스트  업무 설명: Push, SMS 발송 기능 수동 실행 후 결과 확인 실행빈도: 수시 소요시간: 1시간 사용 프로그램: 솔루션 시스템 데이터 소스: 테스트 발송 데이터 결과물 형태: 발송 결과 자동화 여부: X 작성자: 류한경프로세스: 테스트 수신 단말·번호 준비 → TMS 콘솔 또는 API로 푸시/SMS 발송 실행 → 발송 요청 응답 코드 확인 → 수신 단말에서 수신 여부 확인 → 발송 로그 확인 → 결과 기록",N/A,댓글 없음,2026-03-16T20:11:00.065+0900,,류한경
AS-79,하위 작업,AS-7,해야 할 일,미분류,발송 로그 검증,"카테고리: 테스트  업무 설명: 발송 이후 서버 로그 및 처리 로그 확인 실행빈도: 수시 소요시간: 40분 사용 프로그램: SSH, 로그뷰어 데이터 소스: 서버 로그 결과물 형태: 검증 결과 자동화 여부: X 작성자: 류한경프로세스: 발송 실행 직후 서버 로그 파일 또는 로그 수집 시스템 접속 → 발송 요청·처리·완료 단계별 로그 추적 → 오류 로그 존재 여부 확인 → 처리 흐름 이상 여부 판단 → 검증 결과 기록",N/A,댓글 없음,2026-03-16T20:11:01.708+0900,,류한경
AS-80,하위 작업,AS-7,해야 할 일,미분류,발송 결과 수신 확인,카테고리: 테스트  업무 설명: 실제 메일 수신 여부 및 메시지 수신 상태 확인 실행빈도: 수시 소요시간: 30분 사용 프로그램: 메일 클라이언트 데이터 소스: 발송 결과 결과물 형태: 수신 확인 결과 자동화 여부: X 작성자: 류한경프로세스: 발송 완료 후 수신 테스트 계정 확인 → 메일 수신함·문자·푸시 알림 도달 여부 확인 → 내용·형식 정상 여부 검토 → 미수신 시 발송 로그 재확인 → 결과 기록 및 이슈 여부 판단,N/A,댓글 없음,2026-03-16T20:11:03.231+0900,,류한경
AS-81,하위 작업,AS-7,해야 할 일,미분류,단위 테스트 수행,"카테고리: 테스트  업무 설명: 개발 완료 기능에 대한 단위 테스트 케이스 작성 및 수행, 경계값·예외 상황 포함 전수 검증 후 결과 정리 실행빈도: 프로젝트 발생시 소요시간: 6시간 사용 프로그램: 솔루션 시스템 데이터 소스: 테스트 데이터 결과물 형태: 검증 결과 자동화 여부: X 작성자: 류한경, 신지원, 윤주명, 장재인프로세스: 개발 완료 기능 목록 확인 → 기능별 테스트 케이스 작성(정상·경계·예외 케이스 포함) → 테스트 데이터 준비 → 테스트 실행 → 결과 기록 → 실패 케이스 버그 등록 → 수정 후 재테스트",N/A,댓글 없음,2026-03-16T20:11:04.908+0900,,"류한경, 신지원, 윤주명, 장재인"
AS-82,하위 작업,AS-7,해야 할 일,미분류,통합 테스트 수행,"카테고리: 테스트  업무 설명: 시스템 간 연동, 전체 기능, E2E 기반 통합 테스트 수행, 결함 처리 및 재테스트 포함 실행빈도: 프로젝트 발생시 소요시간: 8시간 사용 프로그램: 솔루션 시스템 데이터 소스: 연동 시스템 데이터 결과물 형태: 연동 테스트 결과 자동화 여부: X 작성자: 류한경, 신지원, 윤주명, 장재인프로세스: 통합 테스트 시나리오 확인 → 시스템 간 연동 환경 구성 → E2E 흐름 테스트 실행 → 결함 발생 시 버그 등록 및 수정 요청 → 수정 완료 후 재테스트 → 전체 결과 정리",N/A,댓글 없음,2026-03-16T20:11:06.405+0900,,"류한경, 신지원, 윤주명, 장재인"
AS-83,하위 작업,AS-7,해야 할 일,미분류,SDK 테스트,카테고리: 테스트  업무 설명: SDK 수정 후 동작확인을 실제 테스트 실행빈도: 월 1회 소요시간: 2h 사용 프로그램: android studio 데이터 소스: Android SDK 결과물 형태: 테스트 결과 도출 자동화 여부: X 작성자: 이우석프로세스: SDK 수정 완료 확인 → 테스트 시나리오 구성(정상 동작·예외 케이스) → 에뮬레이터 및 실기기에서 테스트 실행 → 결과 기록 → 이상 발견 시 수정 후 재테스트 → 최종 테스트 결과 정리,N/A,댓글 없음,2026-03-16T20:11:07.806+0900,,이우석
AS-84,하위 작업,AS-7,해야 할 일,미분류,대량 발송 성능 테스트,카테고리: 테스트  업무 설명: 대량 발송 성능 시나리오 기반 테스트 수행 실행빈도: 가끈 소요시간: 6시간 사용 프로그램: 솔루션 시스템 데이터 소스: 테스트 데이터 결과물 형태: 테스트 결과 자동화 여부: X 작성자: 류한경프로세스: 대량 발송 테스트 시나리오 수립(발송 건수·채널·시간대 설정) → 테스트 데이터 준비 → 테스트 환경 구성 → 발송 실행 → 처리 속도·성공률·큐 적체 여부 모니터링 → 결과 기록 및 보고,N/A,댓글 없음,2026-03-16T20:11:09.318+0900,,류한경
AS-85,하위 작업,AS-7,해야 할 일,미분류,테스트 이슈 정리 및 보고,"카테고리: 테스트  업무 설명: 테스트 수행 중 발견된 이슈 정리 및 담당자 공유 실행빈도: 프로젝트 발생시 소요시간: 1시간 사용 프로그램: 문서도구, 메일 데이터 소스: 테스트 결과 결과물 형태: 이슈 리스트 자동화 여부: X 작성자: 류한경프로세스: 테스트 수행 중 발견된 이슈 목록 취합 → 이슈 유형·심각도 분류 → Jira에 이슈 등록 → 담당 개발자에게 배분 → 조치 완료 여부 추적 → 최종 이슈 현황 보고서 작성",N/A,댓글 없음,2026-03-16T20:11:10.928+0900,,류한경
AS-86,하위 작업,AS-7,해야 할 일,미분류,요구사항 추적 관리,카테고리: 산출물 업무 설명: 요구사항과 설계 산출물 간 정합성 검토 실행빈도: 단계별 3회 소요시간: 8시간 내외 사용 프로그램: Excel 데이터 소스: 전체 산출물 데이터 결과물 형태: 요구사항 추적표 (Excel) 자동화 여부: X 작성자: 이경환프로세스: 요구사항 목록과 설계 산출물 목록 대조 → 요구사항별 반영된 설계 산출물 매핑 → 누락 또는 불일치 항목 식별 → 수정 요청 및 반영 → 최종 추적 매트릭스 완성 및 저장,N/A,댓글 없음,2026-03-16T20:11:12.442+0900,,이경환
AS-87,하위 작업,AS-7,해야 할 일,미분류,이행 계획서 작성,"카테고리: 산출물 업무 설명: 시스템 전환 시나리오 및 담당자 지정 실행빈도: 이행 시 1회 소요시간: 3~5시간 내외 사용 프로그램: Word 데이터 소스: 기술 사양서, 작업 시간표 결과물 형태: 이행계획서 (Word) 자동화 여부: X 작성자: 이경환프로세스: 시스템 전환 시나리오 수립(단계별 전환 방법·롤백 기준) → 담당자·일정 지정 → 이행 전 체크리스트 구성 → 이행 계획서 양식에 기입 → 내부 검토 → 고객사 공유 및 확정",N/A,댓글 없음,2026-03-16T20:11:13.944+0900,,이경환
AS-88,하위 작업,AS-7,해야 할 일,미분류,변경심의 문서 작성,"카테고리: 산출물 업무 설명: 소스 변경에 따른 영향도 및 사유 보완 실행빈도: 이행 시 1회 소요시간: 4~8시간 내외 사용 프로그램: PPT 데이터 소스: 변경 요청서, 소스 코드 결과물 형태: 변경심의서 (PPT) 자동화 여부: X 작성자: 이경환프로세스: 소스 변경 내용 확인 → 변경 이유·영향 범위·리스크 기술 → 변경심의 문서 양식에 기입 → 팀장·PM 검토 요청 → 승인 후 변경 실행 → 결과 기록",N/A,댓글 없음,2026-03-16T20:11:15.668+0900,,이경환
AS-89,하위 작업,AS-7,해야 할 일,미분류,사용자 매뉴얼 작성,"카테고리: 산출물 업무 설명: 일반 사용자용 화면 조작 가이드 작성 실행빈도: 이행 시 1회 소요시간: 8~16시간 내외 사용 프로그램: Word 데이터 소스: 사용자 화면, UI 가이드 결과물 형태: 사용자 매뉴얼 (Word) 자동화 여부: X 작성자: 이경환프로세스: 사용자 화면 목록 기반 매뉴얼 목차 구성 → 화면별 조작 방법·주의 사항 기술 → 스크린샷 삽입 → 내부 검토 → 고객사 확인 요청 → 피드백 반영 → 최종본 저장 및 제출",N/A,댓글 없음,2026-03-16T20:11:17.394+0900,,이경환
AS-90,하위 작업,AS-7,해야 할 일,미분류,FAQ 리스트 작성,"카테고리: 산출물 업무 설명: 예상 질의 및 오류 메시지별 답변 구성 실행빈도: 이행 시 1회 소요시간: 2~4시간 내외 사용 프로그램: Excel 데이터 소스: 매뉴얼, 이슈 이력 결과물 형태: FAQ 리스트 (Excel) 자동화 여부: X 작성자: 이경환프로세스: 예상 질의 항목 수집(운영 이슈 이력·고객 문의 이력 기반) → 항목별 답변 작성 → 오류 메시지별 해결 방법 기술 → FAQ 목록 양식 작성 → 팀 검토 → 고객사 배포 및 내부 공유",N/A,댓글 없음,2026-03-16T20:11:19.251+0900,,이경환
AS-91,하위 작업,AS-7,해야 할 일,미분류,교육 교안 제작,"카테고리: 산출물 업무 설명: 사용자 교육용 슬라이드 및 시나리오 실행빈도: 이행 시 1회 소요시간: 4~8시간 내외 사용 프로그램: PPT 데이터 소스: 매뉴얼, 교육 계획 결과물 형태: 교육용 PPT (PPT) 자동화 여부: X 작성자: 이경환프로세스: 교육 대상·목적·범위 확인 → 목차 구성 → 화면 조작·주요 기능·운영 절차 내용 슬라이드 작성 → 실습 시나리오 포함 → 내부 검토 후 완성 → 교육 진행 시 활용",N/A,댓글 없음,2026-03-16T20:11:20.883+0900,,이경환
AS-92,하위 작업,AS-7,해야 할 일,미분류,요구사항 문서 분석 및 검토,"카테고리: 산출물 업무 설명: 프로젝트 요구사항 정의서 분석 및 검토, 기능/비기능 요구사항 파악 실행빈도: 프로젝트 발생시 소요시간: 4시간 사용 프로그램: 문서도구 데이터 소스: 요구사항 정의서 결과물 형태: 요구사항 분석 자동화 여부: O 작성자: 류한경, 신지원프로세스: 고객사로부터 요구사항 정의서 수령 → 문서 전체 검토하여 기능/비기능 요구사항 목록 파악 → 불명확 항목 표시 → 내부 팀 검토 회의 진행 → 추가 확인 필요 항목 정리 → 고객사에 확인 요청",N/A,댓글 없음,2026-03-16T20:11:22.395+0900,,"류한경, 신지원"
AS-93,하위 작업,AS-7,해야 할 일,미분류,요구사항 목록 정리,카테고리: 산출물 업무 설명: 요구사항을 기능 단위로 정리 및 분류 실행빈도: 프로젝트 발생시 소요시간: 3시간 사용 프로그램: 문서도구 데이터 소스: 요구사항 문서 결과물 형태: 요구사항 목록 자동화 여부: X 작성자: 류한경프로세스: 요구사항 정의서 내 항목을 기능 단위로 분류 → 화면/API/배치/DB 등 유형별 그루핑 → 우선순위 부여 → 정리된 요구사항 목록 문서 작성 → 팀 공유 및 설계 단계로 전달,N/A,댓글 없음,2026-03-16T20:11:23.814+0900,,류한경
AS-94,하위 작업,AS-7,해야 할 일,미분류,SDK 개발 가이드 문서 작성,카테고리: 산출물 업무 설명: 고객사 SDK 적용을 돕기 위한 가이드 문서 작성 실행빈도: 분기별 1회 소요시간: 4h 사용 프로그램: macdown 데이터 소스: 추가 가이드 내용 결과물 형태: markdown 자동화 여부: X 작성자: 이우석프로세스: SDK 연동 절차 확인 → 가이드 목차 구성(설치·초기화·주요 API 사용법) → 코드 예시 포함하여 내용 작성 → 내부 검토 → 고객사 배포,N/A,댓글 없음,2026-03-16T20:11:25.337+0900,,이우석
AS-95,하위 작업,AS-7,해야 할 일,미분류,FAQ 업데이트,카테고리: 산출물 업무 설명: 자주 문의하는 질문 업데이트 후 내부 공유 실행빈도: 필요 시 소요시간: 1H 사용 프로그램: Confluence 데이터 소스: None 결과물 형태: confluence 문서 자동화 여부: X 작성자: 이윤형프로세스: 자주 접수되는 문의 이력 분석 → 신규 FAQ 항목 도출 → 항목별 답변 작성 → 내부 검토 → FAQ 문서 업데이트 → 팀 내 공유,N/A,댓글 없음,2026-03-16T20:11:26.982+0900,,이윤형
AS-96,하위 작업,AS-7,해야 할 일,미분류,기술 문서 작성,카테고리: 산출물 업무 설명: 개발 및 장애 대응 결과 문서 정리 실행빈도: 수시 소요시간: 24시간 사용 프로그램: 문서도구 데이터 소스: 작업 기록 결과물 형태: 기술 문서 자동화 여부: X 작성자: 류한경프로세스: 개발 완료 또는 장애 대응 완료 후 내용 정리 → 배경·원인·조치 내용·재발 방지 방안 항목 구성 → 기술 문서 양식에 작성 → 팀 검토 → 최종본 NAS 또는 Confluence에 저장,N/A,댓글 없음,2026-03-16T20:11:28.609+0900,,류한경
AS-97,하위 작업,AS-7,해야 할 일,미분류,배포 가이드 작성,"카테고리: 산출물 업무 설명: 비전문가용 상세 패치 명령어 및 주의사항 매뉴얼 작성 실행빈도: 패치 주기별 소요시간: 2시간 사용 프로그램: Word, Jira 데이터 소스: Jira 티켓, PR 이력 결과물 형태: 패치 가이드 자동화 여부: X 작성자: 장재인프로세스: 배포 대상 및 절차 확인 → 비전문가 기준 단계별 명령어 구성 → 주의 사항·롤백 방법 포함하여 가이드 문서 작성 → 내부 검토 → 고객사 또는 현장 담당자에게 전달",N/A,댓글 없음,2026-03-16T20:11:30.385+0900,,장재인
AS-98,하위 작업,AS-7,해야 할 일,미분류,작업 이력 정리,카테고리: 산출물 업무 설명: 개발 및 운영 작업 이력 기록 실행빈도: 수시 소요시간: 1시간 사용 프로그램: 문서도구 데이터 소스: 작업 기록 결과물 형태: 작업 이력 자동화 여부: X 작성자: 류한경프로세스: 수행한 개발·운영 작업 내용 확인 → 작업 일시·내용·결과 정리 → 이력 관리 양식(일지·Jira·Confluence 등)에 기록 → 관련 파일·링크 첨부 → 저장 및 공유,N/A,댓글 없음,2026-03-16T20:11:32.022+0900,,류한경
AS-99,하위 작업,AS-7,해야 할 일,미분류,고객사 산출물 작성 (테스트 결과서),"카테고리: 산출물 업무 설명: 단위·통합 테스트 수행 결과를 정리한 테스트 결과서 작성 및 제출 실행빈도: 프로젝트 발생시 소요시간: 2시간 사용 프로그램: MS Excel 데이터 소스: 테스트 케이스, 테스트 실행 결과 결과물 형태: 테스트 결과서  자동화 여부: 진행중 작성자: 윤주명프로세스: 단위·통합 테스트 수행 결과 취합 → 테스트 결과서 양식에 기입(시나리오·결과·이슈 현황) → 내부 검토 → 고객사 검토 요청 → 피드백 반영 → 최종본 제출",N/A,댓글 없음,2026-03-16T20:11:33.686+0900,,윤주명
AS-100,하위 작업,AS-7,해야 할 일,미분류,고객사 산출물 작성 (운영 매뉴얼),"카테고리: 산출물 업무 설명: 시스템 운영 절차, 장애 대응 방법 등을 정리한 운영 매뉴얼 작성 및 제출 실행빈도: 프로젝트 발생시 소요시간: 3시간 사용 프로그램: MS Word 데이터 소스: 시스템 설계서, 운영 기준 결과물 형태: 운영 매뉴얼 자동화 여부: 진행중 작성자: 윤주명프로세스: 운영 절차·장애 대응 방법·시스템 설정 정보 취합 → 매뉴얼 목차 구성 → 항목별 내용 작성 → 내부 검토 → 고객사 검토 요청 → 피드백 반영 → 최종본 제출",N/A,댓글 없음,2026-03-16T20:11:35.428+0900,,윤주명
AS-101,하위 작업,AS-7,해야 할 일,미분류,제안서 및 견적서 작성,"카테고리: 산출물 업무 설명: 신규 프로젝트 또는 추가 요건에 대한 제안서 및 기술 검토서 작성; 신규 프로젝트 또는 추가 요건에 대한 견적서 작성 실행빈도: 프로젝트 발생시 소요시간: 8시간 사용 프로그램: MS Word, MS PowerPoint 데이터 소스: 고객 RFP, 내부 기술 기준 결과물 형태: 제안서  자동화 여부: X 작성자: 윤주명프로세스: 신규 요건 내용 확인 → 기술 검토(가능 여부·범위·공수 산정) → 제안서 항목 구성(배경·목적·범위·추진 방안) 및 내용 작성 → 견적서 작성(항목별 단가·공수 산출) → 내부 검토 → 고객사 제출",N/A,댓글 없음,2026-03-16T20:11:37.186+0900,,윤주명
AS-102,하위 작업,AS-7,해야 할 일,미분류,API 명세서 작성,"카테고리: 산출물 업무 설명: 개발한 REST API 명세 문서(엔드포인트, 파라미터, 응답 형식 등) 작성 실행빈도: 프로젝트 발생시 소요시간: 2시간 사용 프로그램: Swagger, MS Excel, Notion 데이터 소스: 소스코드, 요구사항 정의서 결과물 형태: API 명세서  자동화 여부: X 작성자: 윤주명프로세스: 개발 완료 API 목록 확인 → 엔드포인트·HTTP 메서드·요청 파라미터·응답 형식·오류 코드 정리 → 명세서 양식(Swagger 또는 문서 형식)에 작성 → 팀 검토 → 최종본 저장 및 공유",N/A,댓글 없음,2026-03-16T20:11:38.865+0900,,윤주명
AS-103,하위 작업,AS-7,해야 할 일,미분류,프로젝트 일정 관리,"카테고리: 산출물 업무 설명: 전체 프로젝트 WBS 기준 진행률 추적, 일정 지연 위험 식별 및 조정 계획 수립 실행빈도: 프로젝트 발생시 소요시간: 2시간 사용 프로그램: MS Excel, MS Project, Jira 데이터 소스: WBS, 업무 현황 결과물 형태: 일정 현황표  자동화 여부: X 작성자: 윤주명프로세스: WBS 최신 진행률 업데이트 → 계획 대비 실제 진행률 비교 → 지연 항목 식별 → 지연 원인 파악 → 일정 조정 방안 수립 → 팀장·PM에게 보고 → 조정된 일정 WBS 반영",N/A,댓글 없음,2026-03-16T20:11:40.425+0900,,윤주명
AS-104,하위 작업,AS-7,해야 할 일,미분류,보안 취약점 점검 대응,"카테고리: 산출물 업무 설명: 정기 보안 점검 결과 수령 후 취약점 항목에 대한 원인 분석 및 조치 수행 실행빈도: 프로젝트 발생시 소요시간: 8시간 사용 프로그램: 보안 점검 툴, IDE 데이터 소스: 보안 점검 결과서 결과물 형태: 취약점 조치 보고서 자동화 여부: X 작성자: 윤주명프로세스: 보안 점검 결과 문서 수령 → 취약점 항목 목록화 → 항목별 원인 분석 및 조치 방안 검토 → 조치 실행(패치 적용·설정 변경·코드 수정) → 조치 결과 확인 → 결과 보고서 작성 및 제출",N/A,댓글 없음,2026-03-16T20:11:53.200+0900,,윤주명
AS-105,하위 작업,AS-7,해야 할 일,미분류,착수보고서 작성,"카테고리: 산출물 업무 설명: 프로젝트 배경, 범위, 추진 전략 수립 실행빈도: 착수 시 소요시간: 3~4시간 내외 사용 프로그램: PPT 데이터 소스: RFP, 고객사 제안서 결과물 형태: 착수보고서 (PPT) 자동화 여부: X 작성자: 이경환프로세스: 프로젝트 배경·목적·범위 확인 → 추진 전략 및 주요 마일스톤 정의 → 착수보고서 양식에 기입 → 내부 검토 → 수정 후 확정 → 고객사 착수 보고 미팅에서 발표 → 최종본 저장",N/A,댓글 없음,2026-03-16T20:11:54.691+0900,,이경환
AS-106,하위 작업,AS-7,해야 할 일,미분류,아키텍처 정의서,"카테고리: 산출물 업무 설명: 인프라 구성 및 서버/S/W 사양 상세화 실행빈도: 설계 기간 주 1회 소요시간: 20시간 내외 사용 프로그램: Excel 데이터 소스: 구성도 사진, 장비 견적서 결과물 형태: 아키텍처 정의서 (Word) 자동화 여부: X 작성자: 이경환프로세스: 인프라 구성 요건 확인 → 서버·네트워크·S/W 구성 설계 → 사양 상세화(CPU·메모리·스토리지·OS·미들웨어 버전) → 아키텍처 정의서 양식에 기입 → 팀 검토 → 고객사 확인 후 확정",N/A,댓글 없음,2026-03-16T20:11:57.474+0900,,이경환
AS-107,하위 작업,AS-7,해야 할 일,미분류,화면 정의서,"카테고리: 산출물 업무 설명: UI 컴포넌트 배치 및 화면 흐름 설계 실행빈도: 설계 기간 주 1회 소요시간: 10~16시간 내외 사용 프로그램: PPT 데이터 소스: 화면 스케치, 요구사항 결과물 형태: 화면 정의서 (PPT) 자동화 여부: X 작성자: 이경환프로세스: 기능 요구사항 기반 화면 목록 도출 → 각 화면별 UI 컴포넌트 배치 설계 → 화면 흐름(네비게이션) 정의 → 화면 정의서 양식에 기입 → 팀 검토 → 고객사 확인 요청 → 확정 후 저장",N/A,댓글 없음,2026-03-16T20:11:59.046+0900,,이경환
AS-108,하위 작업,AS-7,해야 할 일,미분류,인수인계 진행,카테고리: 기타 업무 설명: 최종 교육 및 인수인계 확인서 날인 실행빈도: 종료 시 1회 소요시간: 2~4시간 내외 사용 프로그램: Word 데이터 소스: 사용자/운영 매뉴얼 결과물 형태: 인수인계 확인서 (Word) 자동화 여부: X 작성자: 이경환프로세스: 인수인계 대상 항목 목록 확인 → 교육 일정 조율 → 최종 교육 진행(시스템 조작·운영 절차 안내) → 교육 완료 확인 → 인수인계 확인서 작성 및 서명 날인 → 최종 산출물 전달,N/A,댓글 없음,2026-03-16T20:12:00.648+0900,,이경환
AS-109,하위 작업,AS-7,해야 할 일,미분류,사내 개발계 패치,"카테고리: 기타 업무 설명: 빌드물 배포 및 엔진(Tomcat/Kafka 등) 파라미터 설정 실행빈도: 패치 주기별 소요시간: 1시간 사용 프로그램: FTP, SSH 데이터 소스: 개발 완료 빌드물 결과물 형태: 개발계 서버 환경 자동화 여부: X 작성자: 장재인프로세스: 빌드 산출물 확인 → 개발 서버 접속 → 기존 서비스 정지 → 빌드 파일 배포 → Tomcat/Kafka 등 엔진 파라미터 설정 → 서비스 재기동 → 정상 동작 확인 → 결과 기록",N/A,댓글 없음,2026-03-16T20:12:02.132+0900,,장재인
AS-110,하위 작업,AS-7,해야 할 일,미분류,DNS 설정 가이드 작성,"카테고리: 기타 업무 설명: 이메일 발송 DNS 설정 가이드 작성 및 전달; 고객 환경에 맞는 DNS 설정 가이드 작성 실행빈도: 수시 소요시간: 2시간 사용 프로그램: 메일, 문서 데이터 소스: 도메인 정보 결과물 형태: DNS 설정 가이드 자동화 여부: X 작성자: 류한경프로세스: 고객사 이메일 발송 환경 정보 수집(도메인·메일 서버 등) → SPF/DKIM/DMARC 설정 가이드 초안 작성 → 고객사 환경에 맞게 값 수정 → 내부 검토 → 고객사 담당자에게 가이드 전달 → 적용 확인 요청",N/A,댓글 없음,2026-03-16T20:12:03.814+0900,,류한경
AS-111,하위 작업,AS-7,해야 할 일,미분류,운영-사내 형상 비교,"카테고리: 기타 업무 설명: 고객사 운영 소스와 사내 최신 소스 간 차이 정밀 분석 실행빈도: 필요시 소요시간: 4~8시간 사용 프로그램: IntelliJ Diff 데이터 소스: 운영 소스, 사내 Git 결과물 형태: 형상 비교 자동화 여부: X 작성자: 장재인프로세스: 고객사 운영 환경 소스 코드 확인 → 사내 최신 소스 코드 확인 → diff 도구 또는 스크립트로 두 소스 비교 → 차이 항목 목록 정리(추가·삭제·수정 파일) → 원인 분석 및 동기화 방안 도출 → 팀 공유",N/A,댓글 없음,2026-03-16T20:12:05.226+0900,,장재인
AS-112,하위 작업,AS-7,해야 할 일,미분류,iOS 개발자 계정 갱신 결재,"카테고리: 기타 업무 설명: iOS 개발자 계정 갱신을 위한 갱신 절차 실행빈도: 연 1회 소요시간: 2h 사용 프로그램: apple 개발자 계정, 그룹웨어 데이터 소스: 계정갱신 요청사항 결과물 형태: 갱신결과 문서 자동화 여부: X 작성자: 이우석프로세스: iOS 개발자 계정 만료 일정 확인(연 1회) → 갱신 신청서 작성 → 결재 담당자에게 결재 요청 → 결재 승인 후 Apple 개발자 포털에서 갱신 진행 → 갱신 완료 확인 → 내부 기록",N/A,댓글 없음,2026-03-16T20:12:06.689+0900,,이우석
AS-113,하위 작업,AS-7,해야 할 일,미분류,알리미 앱 관리,카테고리: 기타 업무 설명: 푸시 테스트용 알리미 앱 동작을 위한 관리 실행빈도: 월 1회 소요시간: 8h 사용 프로그램: android studio / xcode 데이터 소스: 알리미 앱 소스코드 결과물 형태: aar 파일 / APK 파일 자동화 여부: X 작성자: 이우석프로세스: 알리미 앱 상태 정기 확인 → FCM 토큰 유효성 및 앱 실행 상태 점검 → 이상 발생 시 원인 파악(앱 업데이트 필요·FCM 설정 오류 등) → 수정 및 재배포 → 정상 동작 확인,N/A,댓글 없음,2026-03-16T20:12:08.072+0900,,이우석
AS-114,하위 작업,AS-7,해야 할 일,미분류,코드 리뷰 및 PR 관리,"카테고리: 기타 업무 설명: 팀원 개발 코드 리뷰, 사내 표준 준수 확인, 피드백 반영 및 보완 처리 실행빈도: 수시 소요시간: 1시간 사용 프로그램: Git, 코드 리뷰 툴 (GitHub/GitLab) 데이터 소스: Pull Request, 코딩 콘벤션 결과물 형태: 리뷰 코멘트 자동화 여부: 진행중 작성자: 윤주명, 장재인프로세스: 팀원 PR 생성 확인 → 변경된 코드 전체 검토 → 사내 표준 준수·로직 오류·성능 이슈 등 피드백 작성 → PR에 코멘트 등록 → 팀원이 수정 반영 후 재검토 → 최종 승인 및 Merge",N/A,댓글 없음,2026-03-16T20:12:09.559+0900,,"윤주명, 장재인"
AS-115,하위 작업,AS-7,해야 할 일,미분류,기술 자료 정리,카테고리: 기타 업무 설명: 발송 시스템 관련 기술 자료 정리 실행빈도: 가끈 소요시간: 2시간 사용 프로그램: 문서도구 데이터 소스: 기술 자료 결과물 형태: 자료 정리 자동화 여부: X 작성자: 류한경프로세스: 발송 시스템 관련 기술 문서·설정 문서·장애 사례 수집 → 최신화 필요 항목 파악 → 내용 업데이트 및 분류 → NAS 또는 Confluence에 정리·저장 → 팀 공유,N/A,댓글 없음,2026-03-16T20:12:10.918+0900,,류한경
AS-116,하위 작업,AS-7,해야 할 일,미분류,일일 업무 보고 작성,"카테고리: 기타 업무 설명: 당일 업무 내용, 배치·TMS·MQ 점검 결과, 이슈 사항 등을 정리하여 일일 보고서 작성 및 보고 실행빈도: 주 5회 소요시간: 20분 사용 프로그램: Excel 데이터 소스: 점검 결과 결과물 형태: 일일 보고 자동화 여부: 진행중 작성자: 김지원, 류한경, 이윤형, 장재인프로세스: 당일 수행 업무 내역 정리 → 배치·TMS·MQ 점검 결과 취합 → 이슈 발생 및 처리 현황 정리 → 보고서 양식에 기입 → 팀장·관련 부서에 보고 → 보고서 파일 저장 및 공유",N/A,댓글 없음,2026-03-16T20:12:12.507+0900,,"김지원, 류한경, 이윤형, 장재인"
AS-117,하위 작업,AS-7,해야 할 일,미분류,주간 업무 보고 작성,"카테고리: 기타 업무 설명: 주간 업무 완료 현황, 이슈 처리 건수, 배치 이상 건수, 발송 현황, 진행률 등 주간 운영 실적 취합·정리하여 보고 실행빈도: 주 1회 소요시간: 40분 사용 프로그램: Excel 데이터 소스: 운영 데이터 결과물 형태: 주간 보고 자동화 여부: 진행중 작성자: 김지원, 이경환, 이윤형프로세스: 주간 업무 완료 항목 목록화 → 이슈 처리 건수·배치 이상 건수·발송 현황 집계 → WBS 대비 진행률 산출 → 주간 보고서 양식에 기입 → 검토 후 팀장 보고 → 보고서 저장 및 공유",N/A,댓글 없음,2026-03-16T20:12:14.138+0900,,"김지원, 이경환, 이윤형"
AS-118,하위 작업,AS-7,해야 할 일,미분류,월간 보고,"카테고리: 기타 업무 설명: 월별 이슈 유형·처리 현황, 발송 성공률, 시스템 가용률 등 집계하여 월간 보고; 월별 업무 완료 현황, 이슈 처리 건수, 일정 준수율 등을 집계하여 보고 실행빈도: 월 1회 소요시간: 3시간 사용 프로그램: MS Excel, Jira 데이터 소스: 주간 운영 보고서, Jira 통계 결과물 형태: 월간 보고서  자동화 여부: X 작성자: 김지원프로세스: 월별 발송 성공률·이슈 처리 현황·시스템 가용률 집계 → 전월 대비 비교 분석 → 월간 보고서 양식에 기입 → 내용 검토 및 수정 → 상위 보고 → 보고서 저장 및 공유",N/A,댓글 없음,2026-03-16T20:12:15.495+0900,,김지원
AS-119,하위 작업,AS-7,해야 할 일,미분류,서버·시스템 모니터링,"카테고리: 기타 업무 설명: 운영 서버의 CPU, 메모리, 디스크, 서비스 프로세스 상태 등을 주기적으로 점검하고 이상 감지 실행빈도: 수시 소요시간: 1시간 사용 프로그램: SSH, 모니터링툴 데이터 소스: 서버 상태 정보 결과물 형태: 점검 결과 자동화 여부: X 작성자: 류한경, 윤주명프로세스: 서버 모니터링 도구 또는 서버 접속 → CPU·메모리·디스크 사용률 조회 → 주요 프로세스(배치·TMS·MQ 등) 실행 상태 확인 → 임계치 초과 또는 프로세스 미실행 감지 시 알림 → 이상 기록 및 담당자 보고",N/A,댓글 없음,2026-03-16T20:12:16.937+0900,,"류한경, 윤주명"
AS-120,하위 작업,AS-7,해야 할 일,미분류,Queue 상태 확인,"카테고리: 기타 업무 설명: 메시지 큐 적재 상태 및 처리 상태 확인 실행빈도: 수시 소요시간: 1시간 사용 프로그램: 관리 콘솔, SSH 데이터 소스: Queue 데이터 결과물 형태: Queue 상태 확인 자동화 여부: X 작성자: 류한경프로세스: MQ 관리 콘솔 또는 API 접속 → 큐별 적재 메시지 수·처리 완료 수·처리 대기 수 조회 → 적체 여부 판단 → 이상 시 Consumer 상태 연계 확인 → 결과 기록 및 담당자 알림",N/A,댓글 없음,2026-03-16T20:12:18.519+0900,,류한경
AS-121,하위 작업,AS-7,해야 할 일,미분류,배치 실행 시간 이상 여부 점검,카테고리: 운영 업무 설명: 평균 실행 시간 대비 지연 여부 확인 실행빈도: 주 2회 소요시간: 10분 사용 프로그램: 배치 스케줄러 데이터 소스: 실행 이력 결과물 형태: 점검 기록 자동화 여부: X 작성자: 김지원프로세스: 배치 스케줄러 실행 이력 조회 → 각 Job 평균 실행 시간 기준값 확인 → 당일 실행 시간과 비교 → 임계치(예: 평균 +50%) 초과 Job 식별 → 이상 항목 기록 및 알림,N/A,댓글 없음,2026-03-16T20:12:20.044+0900,,김지원
AS-122,하위 작업,AS-7,해야 할 일,미분류,배치 실패 원인 로그 분석,카테고리: 운영 업무 설명: 실패 Job의 오류 로그 분석 실행빈도: 주 2회 소요시간: 30분 사용 프로그램: 서버 SSH 데이터 소스: 오류 로그 결과물 형태: 분석 결과 기록 자동화 여부: X 작성자: 김지원프로세스: 실패 Job 번호 확인 → 서버 SSH 접속 또는 로그 수집 시스템에서 해당 Job 오류 로그 추출 → 오류 메시지·스택트레이스 분석 → 원인 분류(DB 오류/네트워크/코드 오류 등) → 원인 기록 및 조치 방안 도출,N/A,댓글 없음,2026-03-16T20:12:21.426+0900,,김지원
AS-123,하위 작업,AS-7,해야 할 일,미분류,발송 지연 여부 확인,카테고리: 운영 업무 설명: 메시지 처리 지연 여부 확인 실행빈도: 주 5회 소요시간: 10분 사용 프로그램: TMS 콘솔 데이터 소스: 발송 로그 결과물 형태: 점검 기록 자동화 여부: X 작성자: 김지원프로세스: 발송 큐 또는 처리 로그에서 메시지 투입 시각·처리 완료 시각 조회 → 처리 지연 시간 산출 → 기준 초과 메시지 식별 → 지연 원인(큐 적체/서버 부하 등) 1차 판단 → 이상 기록,N/A,댓글 없음,2026-03-16T20:12:22.990+0900,,김지원
AS-124,하위 작업,AS-7,해야 할 일,미분류,발송 통계 데이터 검증,카테고리: 운영 업무 설명: 통계 데이터 정확성 검증 실행빈도: 주 2회 소요시간: 30분 사용 프로그램: Excel 데이터 소스: 발송 이력 결과물 형태: 검증 결과 자동화 여부: X 작성자: 김지원프로세스: 추출된 통계 데이터 확인 → 채널별 합계와 전체 합계 교차 검증 → 전일 대비 급감·급증 여부 확인 → 이상 수치 발견 시 원본 데이터 재확인 → 검증 결과 기록,N/A,댓글 없음,2026-03-16T20:12:24.303+0900,,김지원
AS-125,하위 작업,AS-7,해야 할 일,미분류,MQ Broker 상태 확인,카테고리: 운영 업무 설명: MQ 서버 정상 동작 여부 확인 실행빈도: 주 5회 소요시간: 10분 사용 프로그램: MQ 콘솔 데이터 소스: MQ 상태 결과물 형태: 점검 기록 자동화 여부: X 작성자: 김지원프로세스: MQ 관리 콘솔 또는 API 접속 → Broker 연결 상태·프로세스 동작 여부 확인 → 연결 수·메모리 사용량 등 지표 확인 → 비정상 감지 시 이상 내역 기록 → 담당자 알림 및 재기동 여부 판단,N/A,댓글 없음,2026-03-16T20:12:25.697+0900,,김지원
AS-126,하위 작업,AS-7,해야 할 일,미분류,DB 락 발생 여부 확인,카테고리: 운영 업무 설명: DB Lock 상태 확인 실행빈도: 주 5회 소요시간: 10분 사용 프로그램: SQL Tool 데이터 소스: DB 상태 결과물 형태: 점검 기록 자동화 여부: X 작성자: 김지원프로세스: DB Lock 감지 쿼리(V$LOCK/DBA_BLOCKERS) 실행 → Lock 보유 세션·대기 세션 목록 확인 → Lock 발생 원인 SQL 및 트랜잭션 파악 → 장시간 Lock 지속 시 세션 종료 여부 검토 → 담당자 보고,N/A,댓글 없음,2026-03-16T20:12:27.189+0900,,김지원
AS-127,하위 작업,AS-7,해야 할 일,미분류,운영 이슈 접수,카테고리: 운영 업무 설명: 고객 또는 내부 이슈 접수 실행빈도: 주 5회 소요시간: 10분 사용 프로그램: Jira 데이터 소스: 이슈 내용 결과물 형태: 이슈 기록 자동화 여부: X 작성자: 김지원프로세스: 이메일·메신저·유선 등 채널에서 이슈 접수 확인 → 이슈 내용·발생 시각·고객사 정보 파악 → 긴급도·영향도 1차 판단 → Jira 티켓 생성 → 담당자 배정 → 접수 확인 회신,N/A,댓글 없음,2026-03-16T20:12:28.604+0900,,김지원
AS-128,하위 작업,AS-7,해야 할 일,미분류,운영 환경 설정 변경 관리,"카테고리: 운영 업무 설명: 운영 서버·미들웨어·DB 설정 변경 시 변경 내역 문서화 및 승인 처리 실행빈도: 월 1회 소요시간: 1시간 사용 프로그램: 서버 SSH, MS Word 데이터 소스: 변경 요청서, 현행 설정 문서 결과물 형태: 설정 변경 이력서 자동화 여부: X 작성자: 김지원프로세스: 설정 변경 요청 접수 → 변경 항목·변경 전/후 값 확인 → 변경 내역 문서 작성 → 승인권자 검토 요청 → 승인 완료 후 변경 실행 → 변경 결과 확인 및 문서 최종 저장",N/A,댓글 없음,2026-03-16T20:12:29.939+0900,,김지원
AS-129,하위 작업,AS-7,해야 할 일,미분류,긴급 패치 적용 및 결과 확인,"카테고리: 운영 업무 설명: 긴급 버그 수정 패치를 운영 환경에 적용하고 정상 동작 여부 확인 실행빈도: 주 1회 소요시간: 2시간 사용 프로그램: Git, 배포 스크립트, 서버 SSH 데이터 소스: 패치 소스, 배포 계획서 결과물 형태: 패치 적용 결과 보고 자동화 여부: X 작성자: 김지원프로세스: 긴급 버그 확인 및 패치 대상 범위 파악 → 배포 전 체크리스트 점검 → 운영 서버 접속 → 패치 파일 적용(파일 교체·재기동) → 서비스 정상 동작 여부 확인 → 결과 기록 및 고객사·내부 공유",N/A,댓글 없음,2026-03-16T20:12:31.478+0900,,김지원
AS-130,하위 작업,AS-9,해야 할 일,미분류,IMC 정산 - 매출 청구 및 정산 관리,"매월 초(3일) IMC/허브사 운영 사이트별 전월 발송량 추출 및 서비스 집행내역서 작성. 위하고(WEHAGO) 대량 발행 파일을 활용한 세금계산서 발행 및 마감 안분표 작성을 위한 품목별(카카오, 문자, CBDM 등) 원단위 정밀 정산.",N/A,댓글 없음,2026-03-16T20:30:56.271+0900,,윤종웅
AS-131,하위 작업,AS-9,해야 할 일,미분류,IMC 정산 - 특수 마감 및 발행 관리,"고객사별 상이한 정산 주기(현대면세점 21~20일, 피자헛 16~15일 등)별 발행. 부서별/Agent별 분할 발행 및 고객사 요청에 따른 원단위 절사 등 맞춤형 발행 대응.＊내역서 미전달 즉발행 고객사 : 57개＊내역서 필수 전달 후 발행 고객사 : 64개 (사유 : 타스온,온톡,아이하트/인포뱅크, 080수신거부 통신 내역 합발행, 부서별, Agent별 정산, 고객사 요청사항(사용인감 날인 후 PDF 파일로 전달, 원단위 절사, 고객사 요청 공급가액 단위로 발행 등)",N/A,댓글 없음,2026-03-16T20:30:57.859+0900,,윤종웅
AS-132,하위 작업,AS-9,해야 할 일,미분류,IMC 정산 - 매입·매출 대조 및 분석,"카카오/허브사(다우, 인포뱅크 등) 매입 계산서와 IMC 어드민/금융권(신영, 국민) 별도 어드민 발송량 대조 검증. 매월 마지막 주 화요일 기준 발송량 기반 예상 매입/매출 손익 집계 및 보고.인포빕,인포뱅크(국제문자) 어드민을 통해 직접 다운로드한 후 고객사별 국제문자 매입/매출 GP 대조",N/A,댓글 없음,2026-03-16T20:30:59.497+0900,,윤종웅
AS-133,하위 작업,AS-9,해야 할 일,미분류,IMC 정산 - 미수채권 및 CS 관리,"미수채권 잔액 확인 및 입금 안내(1차 메일, 2차 유선). 삼성물산 매장, 올케팅 CS(충전/환불 등) 및 유관 부서 문의 응대.",N/A,댓글 없음,2026-03-16T20:31:01.356+0900,,윤종웅
AS-134,하위 작업,AS-9,해야 할 일,미분류,IMC 정산 - 매입 정산 및 지출결의,"카카오, 문자 허브사, KT 매입 세금계산서,TEST폰, 080 수신거부(우리모바일, LG), 확인 및 증빙 취합 후 지출결의서 작성/결재 진행.지출결의 작성 시 전월대비 발송량 증감 내역 보고부서별 안분표 작성하여 지출결의와 함께 경영지원팀에 제출 (IMC,타스온,MA 발송량 분리하여 부서별 매입/매출 분리)",N/A,댓글 없음,2026-03-16T20:31:02.923+0900,,윤종웅
AS-135,하위 작업,AS-9,해야 할 일,미분류,IMC 계약 - 계약 운영 관리,IMC 신규/갱신 계약 서류 검토 및 응대. IMC admin/통합 정산 어드민 내 고객 등록 및 단가 변경 등 정보 관리.,N/A,댓글 없음,2026-03-16T20:31:04.759+0900,,윤종웅
AS-136,하위 작업,AS-9,해야 할 일,미분류,유지보수 - 매출 정산 및 견적 및 지출결의,"연단위 계약 기반 월별 세금계산서 발행(정발행, 역발행) 및 매출 확정. 갱신 계약 전 갱신 유지보수 견적서 송부(추가개발, 품목 제외 등 확인).경영지원팀 앞 마감 안분표(익월 10일 이내) 및 지출결의서 제출.",N/A,댓글 없음,2026-03-16T20:31:06.371+0900,,윤종웅
AS-137,하위 작업,AS-9,해야 할 일,미분류,유지보수 - 검수 및 증빙 관리,"고객사별(LGCNS, 삼성SDS, 코오롱베니트 등) 전용 시스템 활용 검수 진행 및 담당자 날인 관리. 거래명세서/내역서 송부(한샘, 이커머스 등) 및 유지보수 고객 리스트 최신화.",N/A,댓글 없음,2026-03-16T20:31:07.903+0900,,윤종웅
AS-138,하위 작업,AS-9,해야 할 일,미분류,유지보수 - 계약 지원,"유지보수 신규/갱신 계약 관련 견적작업 및 요청 서류 대응, 계약 진행 업무.",N/A,댓글 없음,2026-03-16T20:31:09.484+0900,,윤종웅
AS-139,하위 작업,AS-9,해야 할 일,미분류,유지보수 - 계약 지원,"유지보수 신규/갱신 계약 관련 견적작업 및 요청 서류 대응, 계약 진행 업무.",N/A,댓글 없음,2026-03-16T20:31:11.004+0900,,윤종웅
AS-140,하위 작업,AS-9,해야 할 일,미분류,"IMC, 유지보수, 운영 - 내외부 커뮤니케이션",계약/정산 관련 고객사 응대 및 필요 서류 제출.,N/A,댓글 없음,2026-03-16T20:31:12.687+0900,,윤종웅
AS-141,하위 작업,AS-9,해야 할 일,미분류,운영 - 매출 정산,연단위 계약 기반 월별 세금계산서 발행 및 매출 확정.,N/A,댓글 없음,2026-03-16T20:31:14.138+0900,,윤종웅
AS-142,하위 작업,AS-9,해야 할 일,미분류,잠재 고객 서칭,"인바운드, 아웃바운드 등의 잠재 고객을 서칭하고 컨택하는 업무",N/A,댓글 없음,2026-03-16T20:33:33.361+0900,,윤종웅
AS-143,하위 작업,AS-9,해야 할 일,미분류,잠재 고객 및 고객사 분석,문의 및 잠재고객에 해당하여 고객 및 고객사를 상세 분석하는 컨택 전단계 사전 파악 업무,N/A,댓글 없음,2026-03-16T20:33:35.108+0900,,윤종웅
AS-144,하위 작업,AS-9,해야 할 일,미분류,기존 고객 히스토리 데이터 서칭 및 분석,기존 고객일 경우 고객의 히스토리를 JIRA 등의 다양한 경로를 통해서 고객파악 업무 진행,N/A,댓글 없음,2026-03-16T20:33:36.652+0900,,윤종웅
AS-145,하위 작업,AS-9,해야 할 일,미분류,고객 관심도 예측 - 리드 성사 확률 예측,"다양한 정보(ex : 콜드콜, 메일, 기존이력)을 통해 해당 거래의 성사확률을 파악하고 해당 Deal에 리소스 추가 투여",N/A,댓글 없음,2026-03-16T20:33:38.189+0900,,윤종웅
AS-146,하위 작업,AS-9,해야 할 일,미분류,"고객 콜드콜 / 인,아웃바운드콜",고객 콜드콜을 통해 기본적인 요구사항 파악 및 미팅 일정 수립,N/A,댓글 없음,2026-03-16T20:33:39.692+0900,,윤종웅
AS-147,하위 작업,AS-9,해야 할 일,미분류,고객사 미팅 일정 조율 및 확정,고객 미팅 일정을 조율하고 스케줄링 하는 업무,N/A,댓글 없음,2026-03-16T20:33:41.111+0900,,윤종웅
AS-148,하위 작업,AS-9,해야 할 일,미분류,문의 고객 이메일 발송,기본적인 고객 문의를 바탕으로 분류하여 고객에게 메일링 하는 업무,N/A,댓글 없음,2026-03-16T20:33:42.451+0900,,윤종웅
AS-149,하위 작업,AS-9,해야 할 일,미분류,고객 문의 내용 내부 Tool 기입 (Jira),고객 미팅이나 전화를 통해 확보된 고객 문의사항을 내부 JIRA (Tool) 에 기재하고 공유,N/A,댓글 없음,2026-03-16T20:33:43.710+0900,,윤종웅
AS-150,하위 작업,AS-9,해야 할 일,미분류,고객사 미팅 및 회의록 작성,고객사와의 미팅을 통해 확보된 미팅 내용 및 요구사항을 빠르게 분석하여 회의록 및 내부 보고 자료 작성,N/A,댓글 없음,2026-03-16T20:33:45.134+0900,,윤종웅
AS-151,하위 작업,AS-9,해야 할 일,미분류,고객 요구사항 상세파악 및 분석,고객 요구사항 (기술 및 사업적) 상세사항을 파악하여 사업성 및 가능성 검토 후 상세 분석 진행,N/A,댓글 없음,2026-03-16T20:33:46.593+0900,,윤종웅
AS-152,하위 작업,AS-9,해야 할 일,미분류,내부 견적 확인 요청,고객 요구사항을 바탕으로 내부 공수 및 견적 검토 요청,N/A,댓글 없음,2026-03-16T20:33:48.344+0900,,윤종웅
AS-153,하위 작업,AS-9,해야 할 일,미분류,고객사 RFP 분석,입찰 진행 시 고객사 RFP 대상으로 세부 분석 및 검토 진행,N/A,댓글 없음,2026-03-16T20:33:49.849+0900,,윤종웅
AS-154,하위 작업,AS-9,해야 할 일,미분류,고객 요청사항별 맞춤 제안서 작성,RFP 및 고객사 요청사항에 따른 맞춤형 제안서 작성,N/A,댓글 없음,2026-03-16T20:33:51.330+0900,,윤종웅
AS-155,하위 작업,AS-9,해야 할 일,미분류,견적 협상,고객사와의 지속적인 업무 및 견적 협의를 통해 최종 합의 된 최종 견적을 합의해나가는 업무,N/A,댓글 없음,2026-03-16T20:33:53.080+0900,,윤종웅
AS-156,하위 작업,AS-9,해야 할 일,미분류,입찰 참여 경쟁사 파악,입찰의 경우 참여한 경쟁사 및 입찰사에 대한 상세 정보를 파악함,N/A,댓글 없음,2026-03-16T20:33:54.713+0900,,윤종웅
AS-157,하위 작업,AS-9,해야 할 일,미분류,계약서 작성,"계약 진행 확정 시 초안부터 최종안까지의 다양한 계약서에 대한 내용 협의 진행, 고객사 양식 or 자사 양식 등 다양한 협의가 진행 되는 업무 단계",N/A,댓글 없음,2026-03-16T20:33:56.177+0900,,윤종웅
AS-158,하위 작업,AS-9,해야 할 일,미분류,계약서 검토 및 리스크 분석,계약서에 대한 내용 및 법률 검토 진행을 통한 내부 리스크 분석,N/A,댓글 없음,2026-03-16T20:33:57.638+0900,,윤종웅
AS-159,하위 작업,AS-9,해야 할 일,미분류,내부 계산서 발행 / 유지보수 및 정산 파트 소통,계약 체결 및 후속 비용 처리에 따르는 내부 및 고객사 커뮤니케이션 및 행정 업무,N/A,댓글 없음,2026-03-16T20:33:59.337+0900,,윤종웅
AS-160,하위 작업,AS-9,해야 할 일,미분류,"시장 조사,경쟁사 및 트랜드 분석",고객사 및 경쟁사 현황 분석 / 기타 트렌드 분석,N/A,댓글 없음,2026-03-16T20:34:00.948+0900,,윤종웅
AS-161,하위 작업,AS-9,해야 할 일,미분류,경쟁사 견적 분석,경쟁사가 현재 제공하고 있는 시장가 파악을 통해 자사 견적 관련 논의,N/A,댓글 없음,2026-03-16T20:34:02.531+0900,,윤종웅
AS-162,하위 작업,AS-9,해야 할 일,미분류,고객사 간단 문의 대응,고객사 기술 및 사업담당자가 문의하는 간단 문의 해결,N/A,댓글 없음,2026-03-16T20:34:04.055+0900,,윤종웅
AS-163,하위 작업,AS-9,해야 할 일,미분류,기술 및 상세 문의 관련 내부 소통,기술 및 기타 문의 시 고객사 소통 진행,N/A,댓글 없음,2026-03-16T20:34:05.863+0900,,윤종웅
AS-164,하위 작업,AS-9,해야 할 일,미분류,메시징 가격 제안 수익 시뮬레이션,고객사 단가 제안시 자사 수익률을 원가와 비교하여 시뮬레이션,N/A,댓글 없음,2026-03-16T20:34:07.600+0900,,윤종웅
AS-165,하위 작업,AS-9,해야 할 일,미분류,국제문자 관련 밴더사 소통,"국제문자 벤더사와의 업무 협의, 기술문의, 단가 협상 등의 다양한 소통 업무",N/A,댓글 없음,2026-03-16T20:34:09.027+0900,,윤종웅
AS-166,하위 작업,AS-9,해야 할 일,미분류,고객이탈 예측 및  방지,이탈 위험 고객사 별도 관리 진행,N/A,댓글 없음,2026-03-16T20:34:10.697+0900,,윤종웅
AS-167,하위 작업,AS-12,해야 할 일,미분류,TasOn VOC 응대 및 처리 - 고객 문의 응대 (1:1 문의게시판),"업무 설명 : 고객 문의 응대 (1:1 문의게시판)— 실행빈도 : 매일소요시간 : 건당 10~15분 -> 건당 3~5분사용 프로그램 : Gemini, 챗gpt데이터소스 :  문의 내용(텍스트), 답변 가이드라인—결과물 형태 : 기존 프로세스는 유지하되, 문의 답변 1차 초안을 AI가 자동 생성하여 제시",N/A,댓글 없음,2026-03-16T20:43:23.604+0900,,윤종웅
AS-168,하위 작업,AS-12,해야 할 일,미분류,TasOn VOC 응대 및 처리 - 고객 문의 응대 (이메일),"업무 설명 : 고객 문의 응대 (이메일)— 실행빈도 : 매일소요시간 : 건당 15~20분 -> 건당 5분사용 프로그램 : Gemini, 챗gpt데이터소스 :  문의 내용(텍스트), 답변 가이드라인—결과물 형태 : 기존 프로세스는 유지하되, 문의 답변 1차 초안을 AI가 자동 생성하여 제시",N/A,댓글 없음,2026-03-16T20:43:25.239+0900,,윤종웅
AS-169,하위 작업,AS-12,해야 할 일,미분류,TasOn VOC 응대 및 처리 - 고객 문의 응대 (전화),"업무 설명 : 고객 문의 응대 (전화)— 실행빈도 : 매일소요시간 : 사용 프로그램 : 수기진행데이터소스 :  —결과물 형태 : 전화 응대는 VIP 고객 중심으로 효율화하고, 일반 문의는 다른 채널로 운영",N/A,댓글 없음,2026-03-16T20:43:26.929+0900,,윤종웅
AS-170,하위 작업,AS-12,해야 할 일,미분류,VOC 수집 및 분석 - VOC 수집 및 분석,"업무 설명 : VOC 수집 및 분석— 실행빈도 : 매주/매월소요시간 : 주당 4~5시간 -> 주당 1시간사용 프로그램 : Dify, ChatGPT데이터소스 :  VOC 내역 데이터—결과물 형태 : 월별 VOC 데이터를 자동 집계·분류하고, 개선 포인트 초안은 AI가 도출 후 담당자가 최종 검토",N/A,댓글 없음,2026-03-16T20:43:28.541+0900,,윤종웅
AS-171,하위 작업,AS-12,해야 할 일,미분류,챗봇 개선 - 챗봇 응답률 개선,"업무 설명 : 챗봇 응답률 개선— 실행빈도 : 수시소요시간 : 1회당 3~4시간 -> 1회당 1시간사용 프로그램 : Gemini데이터소스 :  챗봇 미응답 이력 로그—결과물 형태 : 챗봇 응답 이슈를 AI가 분석해 개선 시나리오 초안을 도출하고, 검토 후 개선된 스크립트를 어드민에 반영",N/A,댓글 없음,2026-03-16T20:43:29.979+0900,,윤종웅
AS-172,하위 작업,AS-12,해야 할 일,미분류,응대 메뉴얼 개선 - 이용 고객 가이드 제작,"업무 설명 : 이용 고객 가이드 제작— 실행빈도 : 수시소요시간 : 1회당 5~8시간 -> 1회당 2시간사용 프로그램 : Tango, Scribe데이터소스 :  실제 고객 여정 화면(클릭 과정)—결과물 형태 : 고객 문의 및 이용 패턴을 AI가 분석해 가이드 초안을 작성하고, 검토 후 이용 고객 가이드로 제작",N/A,댓글 없음,2026-03-16T20:43:31.406+0900,,윤종웅
AS-173,하위 작업,AS-12,해야 할 일,미분류,세금계산서 발행 - TasOn 기존 고객 정산,"업무 설명 : TasOn 기존 고객 정산— 실행빈도 : 매일소요시간 : 일 1시간 -> 일 10분사용 프로그램 : Zapier, Make데이터소스 :  PG사 결제 데이터, 어드민 정산 내역—결과물 형태 : 기존 고객 대상 결제 내역을 기준으로 일 2회 자동 발행하고, 예외 건만 확인 후 처리",N/A,댓글 없음,2026-03-16T20:43:32.885+0900,,윤종웅
AS-174,하위 작업,AS-12,해야 할 일,미분류,세금계산서 발행 - TasOn/MA/푸시피아 후불 정산,"업무 설명 : TasOn/MA/푸시피아 후불 정산— 실행빈도 : 매월 1회소요시간 : 월 4~5시간 -> 월 1시간사용 프로그램 : Zapier, Make데이터소스 :  PG사 결제 데이터, 어드민 정산 내역—결과물 형태 : 정산 데이터 취합과 내역서 작성은 자동화하고, 메일발송 및 세금계산서 발행은 기존대로 수기 처리",N/A,댓글 없음,2026-03-16T20:43:35.751+0900,,윤종웅
AS-175,하위 작업,AS-12,해야 할 일,미분류,TasOn 정산 - TasOn 제휴사 정산(카페24),"업무 설명 : TasOn 제휴사 정산(카페24)— 실행빈도 : 매월 1회소요시간 : 월 1~2시간 -> 월 30분사용 프로그램 : Power Automate Desktop데이터소스 :  어드민 로그인 정보, 제휴사별 CSV—결과물 형태 : 전월 사용분에 대한 정산데이터를 어드민에서 자동 추출·정리하고, 업로드 자료·기안 상신 자료·지출결의서를 자동 생성한 뒤 최종 업로드 및 승인 처리만 수기 진행",N/A,댓글 없음,2026-03-16T20:43:37.359+0900,,윤종웅
AS-176,하위 작업,AS-12,해야 할 일,미분류,TasOn 정산 - TasOn 제휴사 정산(아임웹),"업무 설명 : TasOn 제휴사 정산(아임웹)— 실행빈도 : 매월 1회소요시간 : 월 1~2시간 -> 월 30분사용 프로그램 : Power Automate Desktop데이터소스 :  어드민 로그인 정보, 제휴사별 CSV—결과물 형태 : 전월 사용분에 대한 정산데이터를 어드민에서 자동 추출·정리하고, 업로드 자료·기안 상신 자료·지출결의서를 자동 생성한 뒤 최종 업로드 및 승인 처리만 수기 진행",N/A,댓글 없음,2026-03-16T20:43:38.722+0900,,윤종웅
AS-177,하위 작업,AS-12,해야 할 일,미분류,TasOn 정산 - ARS 서비스 이용료 정산 (우리모바일),"업무 설명 : ARS 서비스 이용료 정산 (우리모바일)— 실행빈도 : 매월 1회소요시간 : 월 30분 -> 월 15분사용 프로그램 : CLOVA OCR, ChatGPT데이터소스 :  세금계산서 PDF—결과물 형태 : 매월 초 수신되는 세금계산서 금액을 확인해 지출결의서를 자동 생성하고, 최종 확인 후 경지팀에 제출",N/A,댓글 없음,2026-03-16T20:43:40.175+0900,,윤종웅
AS-178,하위 작업,AS-12,해야 할 일,미분류,TasOn 정산 - TasOn 환불금 정산,"업무 설명 : TasOn 환불금 정산— 실행빈도 : 매월 2회소요시간 : 월 2~3시간 -> 월 30분사용 프로그램 : CLOVA OCR, ChatGPT데이터소스 :  세금계산서 PDF, 환불 신청 내역—결과물 형태 : 환불 신청 건의 고객 정보를 어드민에서 일괄 추출·정리하고, 고객별 파일과 지출결의서를 자동 생성한 뒤 최종 제출 및 환불 완료 처리만 수기 진행",N/A,댓글 없음,2026-03-16T20:43:41.894+0900,,윤종웅
AS-179,하위 작업,AS-12,해야 할 일,미분류,TasOn 정산 - TasOn/MA/푸시피아 마감,"업무 설명 : TasOn/MA/푸시피아 마감— 실행빈도 : 매월 1회소요시간 : 월 4~5시간 -> 월 1~2시간사용 프로그램 : CLOVA OCR, ChatGPT데이터소스 :  어드민 결제 정보, PG사 결제 데이터—결과물 형태 : 기본 RAW 데이터(결제수단별 내역) 일괄 다운로드는 자동화해 한 번에 처리하고,사이버브랜치·어드민·국세청 내역 정리 및 데이터 대사·정합성 확인은 기존대로 수기로 진행하는 형태로 진행",N/A,댓글 없음,2026-03-16T20:43:43.472+0900,,윤종웅
AS-180,하위 작업,AS-12,해야 할 일,미분류,TasOn 정산 - MA 안분자료 작성,"업무 설명 : MA 안분자료 작성— 실행빈도 : 매월 1회소요시간 : 월 30분 -> 월 10분사용 프로그램 : Gemini데이터소스 :  MA 정산 데이터—결과물 형태 : 광동제약과 마르헨제이의 발송량이 자동으로 집계되어, 해당 수치를 운영자가 그대로 합산하여 기재할 수 있도록 진행",N/A,댓글 없음,2026-03-16T20:43:44.893+0900,,윤종웅
AS-181,하위 작업,AS-12,해야 할 일,미분류,TasOn 정산 - TasOn 이메일 제휴사 정산 (팩스 포함),"업무 설명 : TasOn 이메일 제휴사 정산 (팩스 포함)— 실행빈도 : 매월 1회소요시간 : 월 2~3시간 -> 월 1시간사용 프로그램 : Power Automate Desktop데이터소스 :  어드민 로그인 정보, 제휴사별 CSV—결과물 형태 : 이메일 제휴사 사용분이 자동 산출되도록 자동화하고, 이후 표 정리·메일 발송·기안·지출결의는 기존대로 진행",N/A,댓글 없음,2026-03-16T20:43:46.431+0900,,윤종웅
AS-182,하위 작업,AS-12,해야 할 일,미분류,TasOn 정산 - 080 수신거부 통신료 (엘지유플러스),"업무 설명 : 080 수신거부 통신료 (엘지유플러스)— 실행빈도 : 매월 1회소요시간 : 월 30분 -> 월 10분사용 프로그램 : ChatGPT데이터소스 :  통지서 PDF—결과물 형태 : 지출결의서 작성을 자동화하고, 통지서와 함께 경지팀에 제출만 함.",N/A,댓글 없음,2026-03-16T20:43:47.823+0900,,윤종웅
AS-183,하위 작업,AS-12,해야 할 일,미분류,TasOn 운영 관리 - 이메일/문자/알림톡 발송 승인 처리,"업무 설명 : 이메일/문자/알림톡 발송 승인 처리— 실행빈도 : 매일소요시간 : 일 3~4시간 -> 일 30분사용 프로그램 : Dify데이터소스 :  기존 발송 내역 데이터—결과물 형태 : 발송 승인 판단 로직은 우선 일치 여부 확인 중심으로 부분 자동화하고, 검증과 안정화 이후 단계적으로 확대 적용 예정-> 검증 및 안정화 단계가 지나기 전까지는 기존대로 수기로 진행",N/A,댓글 없음,2026-03-16T20:43:49.405+0900,,윤종웅
AS-184,하위 작업,AS-12,해야 할 일,미분류,TasOn 운영 관리 - 견적서/거래명세서 발급,"업무 설명 : 견적서/거래명세서 발급— 실행빈도 : 매일소요시간 : 일 30분~1시간 -> 0분(자동)사용 프로그램 : Zapier데이터소스 :  기존 서류 양식, 업체 리스트 정리—결과물 형태 : 견적서/거래명세서를 고객이 직접 자동발급 할 수 있도록 함",N/A,댓글 없음,2026-03-16T20:43:51.006+0900,,윤종웅
AS-185,하위 작업,AS-12,해야 할 일,미분류,TasOn 운영 관리 - 서비스 소개서 및 이용 가이드 전달,"업무 설명 : 서비스 소개서 및 이용 가이드 전달— 실행빈도 : 수시소요시간 : 1회당 4~5시간 -> 1회당 1~2시간사용 프로그램 : Gamma, Canva AI데이터소스 :  기존 소개서(PDF), 신규 기능 설명—결과물 형태 : 서비스 소개서 및 이용가이드를 AI 를 활용하여 업데이트",N/A,댓글 없음,2026-03-16T20:43:52.614+0900,,윤종웅
AS-186,하위 작업,AS-12,해야 할 일,미분류,TasOn 운영 관리 - 문자/팩스 발신번호 인증 승인,"업무 설명 : 문자/팩스 발신번호 인증 승인— 실행빈도 : 매일소요시간 : 건당 10분 -> 건당 3~5분사용 프로그램 : Dify데이터소스 :  승인 요청 데이터, 증빙 서류 이미지—결과물 형태 : 문자·팩스 발신번호 승인 판단은 우선 일치 여부 확인 중심으로 부분 자동화하되, 안정화 전까지는 기존대로 수기로 진행하고개인 계정의 경우 등록된 발신번호 현황이 자동으로 확인되도록 개선",N/A,댓글 없음,2026-03-16T20:43:54.225+0900,,윤종웅
AS-187,하위 작업,AS-12,해야 할 일,미분류,TasOn 운영 관리 - 무통장 충전 신청 처리,"업무 설명 : 무통장 충전 신청 처리— 실행빈도 : 매일소요시간 : 건당 10분 -> 건당 3~5분사용 프로그램 : Dify데이터소스 :  승인 요청 데이터, 실제 입금 내역—결과물 형태 : 국민은행 공용폰 번호 등록과 정보 연동을 기반으로 무통장 충전 프로세스 자동화를 추진하되,실제 입금자명과 고객 입력명이 다른 경우를 고려해 점진적으로 고도화",N/A,댓글 없음,2026-03-16T20:43:55.803+0900,,윤종웅
AS-188,하위 작업,AS-12,해야 할 일,미분류,TasOn 운영 관리 - 카카오 비즈메시지 승인,"업무 설명 : 카카오 비즈메시지 승인— 실행빈도 : 매일소요시간 : 건당 10분 -> 건당 3~5분사용 프로그램 : Dify데이터소스 :  승인 요청 데이터, 증빙 서류 이미지—결과물 형태 : 스패머인 경우를 판단할 수 있는 명확한 기준이 없어 기존과 같이 수기로 진행",N/A,댓글 없음,2026-03-16T20:43:57.570+0900,,윤종웅
AS-189,하위 작업,AS-12,해야 할 일,미분류,TasOn 운영 관리 - 개인→사업자 전환 요청 승인 처리,"업무 설명 : 개인→사업자 전환 요청 승인 처리— 실행빈도 : 매일소요시간 : 건당 10분 -> 건당 3~5분사용 프로그램 : Dify데이터소스 :  승인 요청 데이터, 증빙 서류 이미지—결과물 형태 : 사업자등록 승인에 필요한 서류를 한 번에 확인할 수 있도록 개선해 승인 판단 시간을 단축하고, 자동 승인 여부는 점진적으로 고도화하되 그전까지는 기존대로 수기로 진행",N/A,댓글 없음,2026-03-16T20:43:59.252+0900,,윤종웅
AS-190,하위 작업,AS-12,해야 할 일,미분류,TasOn 운영 관리 - TasOn 스팸 신고 확인 및 소명 회신,"업무 설명 : TasOn 스팸 신고 확인 및 소명 회신— 실행빈도 : 매일소요시간 : 건당 15분 -> 건당 5분사용 프로그램 : Gemini데이터소스 :  스팸 신고 내역, 소명 템플릿—결과물 형태 : 고객 안내 문구를 AI 기반 템플릿으로 사전 제작해두고, 클릭만으로 바로 발송할 수 있도록 함",N/A,댓글 없음,2026-03-16T20:44:00.926+0900,,윤종웅
AS-191,하위 작업,AS-12,해야 할 일,미분류,TasOn 운영 관리 - KISA 발신자 확인 요청 대응,"업무 설명 : KISA 발신자 확인 요청 대응— 실행빈도 : 매일소요시간 : 일 1시간 -> 일 20분사용 프로그램 : Gemini데이터소스 :  스팸 신고 내역, 소명 템플릿—결과물 형태 : 건별로 상이하며, KISA 사이트와의 연동이 어려워 자동화는 불가하여 기존과 같이 수기로 진행",N/A,댓글 없음,2026-03-16T20:44:02.460+0900,,윤종웅
AS-192,하위 작업,AS-12,해야 할 일,미분류,TasOn VIP 관리 - VIP 정책 수립 및 혜택 관리 / 매출 증대 방안 모색,"업무 설명 : VIP 정책 수립 및 혜택 관리 / 매출 증대 방안 모색— 실행빈도 : 매월 1회소요시간 : 월 5~6시간 -> 월 1.5시간사용 프로그램 : Python (Pandas, Scikit-learn)데이터소스 :  고객 충전 이력 DB—결과물 형태 : 매월 VIP 리스트를 수동으로 관리하던 업무를 내부 기준에 따라 대상자가 자동 편입되도록 개선하고,VIP 추가·제거 대상자도 자동으로 리스트업되도록 하며 머신러닝을 활용해 고객을 더욱 세분화하여 VIP 대상 선별의 정교도를 높임",N/A,댓글 없음,2026-03-16T20:44:04.149+0900,,윤종웅
AS-193,하위 작업,AS-12,해야 할 일,미분류,TasOn 프로모션 관리 - TasOn 매출 증대를 위한 프로모션 관리,"업무 설명 : TasOn 매출 증대를 위한 프로모션 관리— 실행빈도 : 수시소요시간 : 월 10시간 이상 -> 월 3시간사용 프로그램 : Python (Scikit-learn)데이터소스 :  고객 구매/접속 이력 DB—결과물 형태 : 프로모션 혜택 지급은 관리 페이지를 통해 프로세스를 자동화하고,프로모션 대상자는 머신러닝을 활용해 이탈 가능 고객 등 여러 조건으로 세분화하여 보다 쉽고 정확하게 추출할 수 있도록 개선하며 프로모션 관리 및 자동 운영 부분은 추후 순차적으로 고도화할 예정입니다.",N/A,댓글 없음,2026-03-16T20:44:05.826+0900,,윤종웅
